userID,itemID,amount,date,time
445581,758,19,2019-01-01,23:15:36
301930,7272,93,2019-01-01,23:15:37
217764,7091,44,2019-01-01,23:15:42
60109,1665,22,2019-01-01,23:15:42
551564,2251,83,2019-01-01,23:16:35
626662,7809,13,2019-01-01,23:18:33
897727,8200,44,2019-01-01,23:19:17
942367,7157,24,2019-01-01,23:19:18
581181,890,6,2019-01-01,23:19:23
486730,4969,36,2019-01-01,23:19:25
291703,7915,45,2019-01-01,23:19:25
439901,3238,97,2019-01-01,23:19:46
175669,1426,15,2019-01-01,23:19:52
864075,2592,59,2019-01-01,23:22:49
143392,3320,98,2019-01-01,23:23:35
8972,5358,38,2019-01-01,23:23:39
515059,5635,79,2019-01-01,23:24:22
669658,890,97,2019-01-01,23:24:26
264871,3196,27,2019-01-01,23:24:43
4036,8350,70,2019-01-01,23:25:13
724820,4670,92,2019-01-01,23:25:13
245607,4104,22,2019-01-01,23:25:14
928516,8829,79,2019-01-01,23:25:31
934199,3337,39,2019-01-01,23:25:32
987535,8496,22,2019-01-01,23:26:03
730305,3400,71,2019-01-01,23:26:04
202257,908,1,2019-01-01,23:26:08
893409,7139,7,2019-01-01,23:26:08
995022,8857,87,2019-01-01,23:26:08
420998,6660,50,2019-01-01,23:26:12
617570,6587,40,2019-01-01,23:26:17
295535,4655,60,2019-01-01,23:26:17
438662,8558,70,2019-01-01,23:26:23
83488,7907,58,2019-01-01,23:26:39
769237,6167,93,2019-01-01,23:27:26
762567,10000,81,2019-01-01,23:28:33
29313,3772,66,2019-01-01,23:28:34
546499,6078,82,2019-01-01,23:28:38
585729,5142,62,2019-01-01,23:29:42
830235,7373,98,2019-01-01,23:29:46
17961,3732,56,2019-01-01,23:29:46
580351,6772,70,2019-01-01,23:29:47
781346,2177,96,2019-01-01,23:29:56
832888,1841,77,2019-01-01,23:30:03
483735,1077,19,2019-01-01,23:30:11
324875,3431,71,2019-01-01,23:30:16
910900,6932,15,2019-01-01,23:30:24
440509,5814,44,2019-01-01,23:34:03
832762,8384,55,2019-01-01,23:35:05
968871,4653,26,2019-01-01,23:35:06
590596,400,27,2019-01-01,23:35:12
580886,900,11,2019-01-01,23:35:14
374438,6307,9,2019-01-01,23:36:21
919647,3473,14,2019-01-01,23:36:22
889647,3620,69,2019-01-01,23:36:22
502774,5098,14,2019-01-01,23:36:27
1705,7903,71,2019-01-01,23:36:28
223244,1966,27,2019-01-01,23:36:32
240942,9071,7,2019-01-01,23:36:39
222336,6952,13,2019-01-01,23:36:39
379469,6782,8,2019-01-01,23:37:57
370765,2879,81,2019-01-01,23:37:58
762323,7246,47,2019-01-01,23:38:20
294274,2587,10,2019-01-01,23:38:31
800708,9168,32,2019-01-01,23:38:32
506477,5449,96,2019-01-01,23:38:33
670006,6420,27,2019-01-01,23:38:40
629774,4507,38,2019-01-01,23:38:54
499562,298,76,2019-01-01,23:38:55
529593,8873,16,2019-01-01,23:39:01
820315,6234,43,2019-01-01,23:39:09
264416,3154,50,2019-01-01,23:40:36
667643,5169,79,2019-01-01,23:40:45
545680,92,95,2019-01-01,23:42:03
219092,169,44,2019-01-01,23:42:13
854279,6678,66,2019-01-01,23:42:20
773180,281,86,2019-01-01,23:44:11
124987,6185,29,2019-01-01,23:44:20
569125,3130,18,2019-01-01,23:45:09
699781,4783,33,2019-01-01,23:45:10
266796,6335,24,2019-01-01,23:45:17
629873,3907,76,2019-01-01,23:49:25
224052,6293,25,2019-01-01,23:49:39
975757,8644,59,2019-01-01,23:49:47
163693,2272,51,2019-01-01,23:49:52
213175,4341,74,2019-01-01,23:49:53
69265,3832,50,2019-01-01,23:49:54
928399,8323,46,2019-01-01,23:50:00
654154,1089,70,2019-01-01,23:50:10
510760,8221,79,2019-01-01,23:50:10
568028,9795,94,2019-01-01,23:50:15
299773,8006,38,2019-01-01,23:50:45
563191,2013,67,2019-01-01,23:52:10
115478,5744,59,2019-01-01,23:52:19
346189,3857,92,2019-01-01,23:52:20
761855,4848,64,2019-01-01,23:52:20
126853,8189,11,2019-01-01,23:52:53
785898,6157,4,2019-01-02,23:15:42
823097,7098,37,2019-01-02,23:17:53
251137,4385,68,2019-01-02,23:18:22
190955,5223,40,2019-01-02,23:18:34
872512,6864,18,2019-01-02,23:19:18
558635,7061,51,2019-01-02,23:19:47
193751,9190,57,2019-01-02,23:19:51
547075,116,55,2019-01-02,23:19:52
555007,6667,12,2019-01-02,23:19:52
221210,3391,75,2019-01-02,23:23:07
667176,6289,49,2019-01-02,23:23:35
711946,5186,80,2019-01-02,23:24:12
483668,3403,14,2019-01-02,23:24:12
691364,6929,20,2019-01-02,23:24:18
944347,8460,56,2019-01-02,23:24:23
533276,8172,96,2019-01-02,23:24:42
612130,4488,45,2019-01-02,23:24:44
618455,1682,83,2019-01-02,23:25:13
41411,4700,44,2019-01-02,23:25:13
715225,6854,19,2019-01-02,23:25:31
24301,7479,2,2019-01-02,23:26:08
929437,6860,19,2019-01-02,23:26:13
249304,6132,63,2019-01-02,23:26:13
27533,2069,36,2019-01-02,23:26:13
302745,7549,29,2019-01-02,23:26:14
374596,9795,76,2019-01-02,23:26:17
611054,7355,39,2019-01-02,23:26:39
144549,1033,26,2019-01-02,23:28:25
415373,1376,95,2019-01-02,23:28:34
25714,2727,73,2019-01-02,23:28:44
753812,6548,90,2019-01-02,23:29:46
459384,3584,2,2019-01-02,23:29:51
21873,5632,30,2019-01-02,23:30:02
775343,4808,35,2019-01-02,23:33:43
697133,8915,5,2019-01-02,23:34:57
379930,4540,17,2019-01-02,23:35:13
769876,7170,75,2019-01-02,23:35:14
440182,1535,3,2019-01-02,23:36:33
943152,3123,10,2019-01-02,23:36:34
499625,3550,45,2019-01-02,23:36:41
124789,4765,95,2019-01-02,23:37:57
660648,3427,38,2019-01-02,23:38:47
848098,441,9,2019-01-02,23:39:01
22707,2410,96,2019-01-02,23:39:57
294019,1205,52,2019-01-02,23:40:08
467868,5595,17,2019-01-02,23:40:37
339822,8648,7,2019-01-02,23:40:44
531005,3606,2,2019-01-02,23:40:46
582363,6945,67,2019-01-02,23:40:59
65925,4362,31,2019-01-02,23:41:00
266977,5402,36,2019-01-02,23:41:57
873063,2681,77,2019-01-02,23:42:03
488378,9393,29,2019-01-02,23:42:03
843155,9599,3,2019-01-02,23:42:04
398010,9891,58,2019-01-02,23:42:11
173555,4039,73,2019-01-02,23:42:13
870183,5133,35,2019-01-02,23:42:13
541781,8317,58,2019-01-02,23:43:02
766784,5430,34,2019-01-02,23:43:37
194175,4231,52,2019-01-02,23:43:38
135473,3842,32,2019-01-02,23:43:39
320935,7601,93,2019-01-02,23:43:45
265620,6187,91,2019-01-02,23:43:46
913037,8374,70,2019-01-02,23:45:00
964088,1278,94,2019-01-02,23:45:01
852023,7014,43,2019-01-02,23:45:01
161713,9910,13,2019-01-02,23:45:02
404536,9757,54,2019-01-02,23:45:02
398988,5575,22,2019-01-02,23:45:08
691318,3563,53,2019-01-02,23:45:16
963810,770,96,2019-01-02,23:45:17
952400,7640,84,2019-01-02,23:45:23
950137,1845,13,2019-01-02,23:49:24
259171,1984,76,2019-01-02,23:49:46
566645,9016,55,2019-01-02,23:49:59
111381,9052,65,2019-01-02,23:50:00
498641,8844,80,2019-01-02,23:50:08
268133,9116,96,2019-01-02,23:50:08
40039,3716,63,2019-01-02,23:50:44
921391,6801,39,2019-01-02,23:51:40
404596,2649,24,2019-01-02,23:51:41
707748,5524,79,2019-01-02,23:51:43
715506,2893,66,2019-01-02,23:51:55
668104,8952,5,2019-01-02,23:51:57
466559,4301,56,2019-01-02,23:52:09
607780,3126,11,2019-01-02,23:52:09
835475,9197,4,2019-01-02,23:52:11
643604,8993,95,2019-01-02,23:52:53
592504,755,32,2019-01-02,23:52:54
205743,6072,13,2019-01-02,23:53:03
849104,3328,2,2019-01-03,23:15:37
807595,1433,69,2019-01-03,23:16:22
607905,9015,97,2019-01-03,23:17:53
879262,8511,19,2019-01-03,23:17:58
199112,1033,10,2019-01-03,23:18:22
591402,2466,61,2019-01-03,23:18:22
374591,2860,29,2019-01-03,23:18:23
701409,3874,11,2019-01-03,23:19:18
289508,3055,19,2019-01-03,23:19:40
131298,6545,61,2019-01-03,23:22:47
792312,7507,76,2019-01-03,23:23:39
613192,1289,10,2019-01-03,23:23:41
302896,9558,50,2019-01-03,23:24:13
656025,9963,6,2019-01-03,23:24:21
281388,8264,5,2019-01-03,23:24:27
143692,1689,68,2019-01-03,23:24:32
153724,2581,20,2019-01-03,23:25:14
607753,6322,65,2019-01-03,23:26:03
412105,8131,60,2019-01-03,23:26:08
608308,2226,8,2019-01-03,23:26:17
508701,6272,86,2019-01-03,23:28:25
426714,4582,86,2019-01-03,23:28:25
701067,2858,71,2019-01-03,23:28:25
451257,3698,85,2019-01-03,23:28:33
28459,2300,60,2019-01-03,23:28:33
561188,8035,2,2019-01-03,23:29:41
666062,8272,41,2019-01-03,23:29:47
115580,9887,18,2019-01-03,23:34:10
428542,1769,71,2019-01-03,23:35:04
770098,9558,69,2019-01-03,23:35:14
111735,7992,3,2019-01-03,23:36:26
356191,7984,4,2019-01-03,23:36:28
960753,2033,90,2019-01-03,23:36:32
473124,4345,78,2019-01-03,23:36:34
523942,5561,40,2019-01-03,23:37:58
371214,4736,81,2019-01-03,23:37:59
387869,1527,27,2019-01-03,23:38:26
31608,937,98,2019-01-03,23:38:27
475795,2202,68,2019-01-03,23:38:32
873336,2364,44,2019-01-03,23:38:39
94680,8749,50,2019-01-03,23:38:41
310227,7394,27,2019-01-03,23:38:55
276437,2691,16,2019-01-03,23:38:56
921868,9147,20,2019-01-03,23:39:01
440130,5426,36,2019-01-03,23:39:01
723665,2930,80,2019-01-03,23:39:56
578513,8257,47,2019-01-03,23:40:37
736331,4641,75,2019-01-03,23:40:38
605435,3635,51,2019-01-03,23:40:46
653619,9835,34,2019-01-03,23:41:56
994213,9958,3,2019-01-03,23:42:03
735511,4833,18,2019-01-03,23:42:04
862641,3151,38,2019-01-03,23:42:04
36031,2693,47,2019-01-03,23:42:20
139672,8166,56,2019-01-03,23:43:38
927279,9008,17,2019-01-03,23:44:10
327175,5680,29,2019-01-03,23:45:01
472468,6853,36,2019-01-03,23:45:01
529967,3172,22,2019-01-03,23:49:46
647276,6192,22,2019-01-03,23:49:52
55700,1732,29,2019-01-03,23:49:54
609410,2297,75,2019-01-03,23:50:10
854594,5369,84,2019-01-03,23:50:45
49640,9985,68,2019-01-03,23:51:19
592620,8291,68,2019-01-03,23:51:40
258242,4381,92,2019-01-03,23:51:43
467064,3772,62,2019-01-03,23:51:57
169029,4189,9,2019-01-03,23:52:09
451928,4755,95,2019-01-03,23:52:33
635641,2112,43,2019-01-03,23:52:34
146589,2013,95,2019-01-03,23:52:45
191048,4588,16,2019-01-03,23:52:53
603588,2195,87,2019-01-03,23:52:54
284907,7856,70,2019-01-03,23:52:54
890990,7174,29,2019-01-04,23:16:26
162747,2251,87,2019-01-04,23:17:53
872690,2438,64,2019-01-04,23:17:54
126741,4165,53,2019-01-04,23:17:58
401545,4258,83,2019-01-04,23:17:58
346691,8738,28,2019-01-04,23:17:58
607409,8452,86,2019-01-04,23:18:18
98936,9396,75,2019-01-04,23:18:22
976426,8644,82,2019-01-04,23:19:17
995200,1715,18,2019-01-04,23:19:18
36933,7408,4,2019-01-04,23:19:23
49484,4720,12,2019-01-04,23:19:24
530710,7370,1,2019-01-04,23:19:47
553711,1290,52,2019-01-04,23:19:51
462383,1768,67,2019-01-04,23:19:52
506530,7678,40,2019-01-04,23:22:47
545701,5305,28,2019-01-04,23:22:48
95786,6702,20,2019-01-04,23:22:49
593992,9675,84,2019-01-04,23:23:40
939106,9904,42,2019-01-04,23:24:33
911574,949,21,2019-01-04,23:24:34
426483,5662,46,2019-01-04,23:24:43
760328,1470,37,2019-01-04,23:25:31
458239,1734,46,2019-01-04,23:26:04
261398,3268,41,2019-01-04,23:26:12
134317,2924,14,2019-01-04,23:26:13
570337,2740,30,2019-01-04,23:26:24
579680,9414,64,2019-01-04,23:26:40
115468,8318,66,2019-01-04,23:26:45
222188,8872,62,2019-01-04,23:28:26
448763,4520,17,2019-01-04,23:28:44
119059,137,61,2019-01-04,23:29:41
647075,6436,47,2019-01-04,23:29:46
416599,4585,52,2019-01-04,23:30:02
364775,6589,38,2019-01-04,23:34:58
512365,7057,23,2019-01-04,23:34:58
870092,5353,42,2019-01-04,23:35:05
56399,2961,74,2019-01-04,23:35:05
191126,6126,21,2019-01-04,23:36:22
365167,1620,91,2019-01-04,23:36:23
166563,8401,43,2019-01-04,23:36:34
38603,5081,29,2019-01-04,23:37:57
310431,8705,59,2019-01-04,23:38:20
943652,3021,31,2019-01-04,23:38:27
561645,6370,40,2019-01-04,23:38:41
824131,8503,94,2019-01-04,23:38:49
539258,3296,68,2019-01-04,23:38:54
897932,9116,80,2019-01-04,23:38:56
967613,785,94,2019-01-04,23:39:01
395517,5725,93,2019-01-04,23:39:01
409923,1896,77,2019-01-04,23:39:09
344891,8221,60,2019-01-04,23:39:56
629462,2703,85,2019-01-04,23:40:36
969896,3939,5,2019-01-04,23:40:37
722798,6467,36,2019-01-04,23:41:00
619948,4566,48,2019-01-04,23:41:02
997608,8173,60,2019-01-04,23:41:02
628976,8503,63,2019-01-04,23:42:03
210601,1800,82,2019-01-04,23:42:10
334672,8334,30,2019-01-04,23:42:11
538541,5182,35,2019-01-04,23:42:12
274749,8382,18,2019-01-04,23:43:02
519730,7886,50,2019-01-04,23:43:02
479217,4626,30,2019-01-04,23:43:02
667290,5101,20,2019-01-04,23:43:37
624618,4692,83,2019-01-04,23:43:46
672894,5540,14,2019-01-04,23:43:46
201022,305,59,2019-01-04,23:44:12
418478,2776,26,2019-01-04,23:44:19
478931,8329,30,2019-01-04,23:45:02
139951,6861,95,2019-01-04,23:45:24
962088,8510,26,2019-01-04,23:49:30
470434,8092,60,2019-01-04,23:49:31
484173,4129,63,2019-01-04,23:49:45
986790,3258,97,2019-01-04,23:50:00
308615,694,72,2019-01-04,23:50:09
615500,6244,2,2019-01-04,23:50:10
480945,8740,61,2019-01-04,23:50:15
163015,5607,40,2019-01-04,23:50:16
171259,6311,46,2019-01-04,23:50:16
750231,1257,77,2019-01-04,23:50:17
754246,4297,87,2019-01-04,23:50:44
180138,3276,24,2019-01-04,23:50:45
888631,7156,57,2019-01-04,23:51:40
774787,9646,75,2019-01-04,23:52:09
322621,7170,41,2019-01-04,23:52:19
724697,6403,39,2019-01-04,23:52:21
625449,1369,62,2019-01-04,23:53:02
632652,801,7,2019-01-04,23:53:03
813559,6530,29,2019-01-05,23:15:37
916142,3326,13,2019-01-05,23:15:41
628057,702,87,2019-01-05,23:16:26
115830,880,73,2019-01-05,23:18:18
138004,6061,17,2019-01-05,23:18:18
619875,6749,95,2019-01-05,23:18:32
341377,8974,30,2019-01-05,23:19:23
57434,3338,27,2019-01-05,23:19:40
603783,9797,97,2019-01-05,23:19:40
974369,318,20,2019-01-05,23:19:48
218871,7861,49,2019-01-05,23:19:52
330668,3603,90,2019-01-05,23:23:35
101863,8744,87,2019-01-05,23:23:40
352837,6996,69,2019-01-05,23:23:41
462113,9463,91,2019-01-05,23:24:11
577827,661,11,2019-01-05,23:24:12
954860,328,24,2019-01-05,23:24:22
2980,1308,8,2019-01-05,23:24:28
749436,8393,86,2019-01-05,23:24:33
409886,6726,50,2019-01-05,23:24:43
38013,8051,51,2019-01-05,23:25:14
110842,300,70,2019-01-05,23:25:31
674636,2789,1,2019-01-05,23:25:59
916936,559,93,2019-01-05,23:26:04
855630,4252,41,2019-01-05,23:26:08
577566,3423,48,2019-01-05,23:27:26
438692,7030,4,2019-01-05,23:28:24
629119,3099,91,2019-01-05,23:28:33
754748,4406,39,2019-01-05,23:28:39
411246,4130,38,2019-01-05,23:28:43
622707,3521,11,2019-01-05,23:28:44
400297,4238,33,2019-01-05,23:29:46
555363,7109,63,2019-01-05,23:29:47
532066,5629,71,2019-01-05,23:34:10
341137,4012,87,2019-01-05,23:35:04
795453,4437,60,2019-01-05,23:35:13
397332,239,15,2019-01-05,23:36:33
511387,5644,71,2019-01-05,23:36:39
446724,2649,90,2019-01-05,23:38:26
601817,5656,30,2019-01-05,23:38:27
8194,6157,45,2019-01-05,23:38:27
540006,6290,1,2019-01-05,23:38:27
154781,201,50,2019-01-05,23:38:28
997415,4330,12,2019-01-05,23:38:33
543696,9520,56,2019-01-05,23:38:47
457691,8385,22,2019-01-05,23:38:49
369757,2630,24,2019-01-05,23:38:54
69207,4463,62,2019-01-05,23:39:09
460463,6389,67,2019-01-05,23:40:38
193598,6533,49,2019-01-05,23:41:02
69418,3336,35,2019-01-05,23:41:55
114750,4827,9,2019-01-05,23:41:56
52090,9820,5,2019-01-05,23:41:57
86056,1377,11,2019-01-05,23:42:03
73459,3280,5,2019-01-05,23:42:05
417799,5826,9,2019-01-05,23:42:11
78923,655,57,2019-01-05,23:42:18
111736,6174,47,2019-01-05,23:43:04
984546,1420,31,2019-01-05,23:43:38
456962,5786,46,2019-01-05,23:43:38
170356,300,13,2019-01-05,23:43:44
453839,2532,54,2019-01-05,23:43:46
514633,4289,17,2019-01-05,23:44:19
78216,1200,62,2019-01-05,23:45:02
818019,248,95,2019-01-05,23:45:08
216234,2933,26,2019-01-05,23:45:10
125469,9751,36,2019-01-05,23:45:17
972117,70,96,2019-01-05,23:45:22
999056,8227,53,2019-01-05,23:45:23
336382,3344,85,2019-01-05,23:49:24
508525,5994,14,2019-01-05,23:49:30
66343,2822,89,2019-01-05,23:49:39
750185,114,5,2019-01-05,23:49:40
907172,999,19,2019-01-05,23:49:45
285190,9712,57,2019-01-05,23:50:10
961373,145,46,2019-01-05,23:50:10
834253,9115,96,2019-01-05,23:51:56
748845,1336,24,2019-01-05,23:52:10
579728,3358,49,2019-01-05,23:52:10
816065,6698,45,2019-01-05,23:52:11
367256,8232,5,2019-01-05,23:52:27
345138,3512,37,2019-01-05,23:52:45
806757,9854,66,2019-01-05,23:52:53
727936,1129,2,2019-01-05,23:52:54
410074,8880,13,2019-01-05,23:54:05
602459,7887,4,2019-01-06,23:15:42
905275,7250,53,2019-01-06,23:16:35
51023,6681,26,2019-01-06,23:17:50
230209,3010,7,2019-01-06,23:17:50
627068,1648,94,2019-01-06,23:17:50
514874,4195,29,2019-01-06,23:17:50
47058,7478,85,2019-01-06,23:17:58
30797,4396,62,2019-01-06,23:18:19
591618,72,3,2019-01-06,23:19:18
88737,2694,1,2019-01-06,23:19:19
741653,301,77,2019-01-06,23:19:39
605336,3320,23,2019-01-06,23:19:40
426731,4974,44,2019-01-06,23:22:48
154024,5407,12,2019-01-06,23:23:07
366806,2920,73,2019-01-06,23:23:08
688432,2569,68,2019-01-06,23:24:17
573504,3415,16,2019-01-06,23:24:22
434961,6971,64,2019-01-06,23:24:44
506539,8144,62,2019-01-06,23:24:44
157549,5395,48,2019-01-06,23:26:04
895417,1332,62,2019-01-06,23:26:09
260135,2946,54,2019-01-06,23:26:31
596300,4059,64,2019-01-06,23:26:45
255870,5658,69,2019-01-06,23:26:45
580870,9658,35,2019-01-06,23:27:26
106030,3759,16,2019-01-06,23:29:52
213349,853,81,2019-01-06,23:34:10
478022,8939,83,2019-01-06,23:34:11
904688,3904,43,2019-01-06,23:35:05
657812,7862,29,2019-01-06,23:35:06
114397,7173,72,2019-01-06,23:36:23
193901,3442,18,2019-01-06,23:36:26
307048,3348,87,2019-01-06,23:36:40
928794,137,34,2019-01-06,23:38:25
790121,3864,1,2019-01-06,23:38:26
80240,8678,72,2019-01-06,23:38:26
334537,8867,96,2019-01-06,23:38:26
210663,2077,70,2019-01-06,23:38:26
987309,5032,69,2019-01-06,23:38:26
573166,9951,81,2019-01-06,23:39:02
816688,7687,97,2019-01-06,23:39:09
255654,9704,9,2019-01-06,23:39:10
70708,7070,60,2019-01-06,23:40:38
989722,7180,52,2019-01-06,23:40:38
995042,5528,87,2019-01-06,23:40:38
280963,6938,78,2019-01-06,23:40:46
304423,9920,25,2019-01-06,23:42:11
697581,7519,60,2019-01-06,23:42:19
458979,2435,57,2019-01-06,23:43:22
821904,4952,27,2019-01-06,23:43:46
18284,6368,59,2019-01-06,23:44:10
658358,1709,88,2019-01-06,23:44:18
636640,1915,55,2019-01-06,23:44:20
208754,5436,82,2019-01-06,23:45:09
444833,8284,58,2019-01-06,23:49:24
970327,6551,30,2019-01-06,23:49:24
364478,9916,9,2019-01-06,23:49:24
985646,1391,42,2019-01-06,23:50:00
676981,2880,41,2019-01-06,23:50:08
42786,1996,60,2019-01-06,23:50:15
544021,2068,4,2019-01-06,23:50:15
931753,3997,75,2019-01-06,23:50:17
473315,4131,81,2019-01-06,23:51:42
6327,8046,81,2019-01-06,23:51:55
190794,4430,20,2019-01-06,23:52:09
404060,2544,79,2019-01-06,23:52:10
223385,8755,25,2019-01-06,23:52:10
606627,1276,55,2019-01-06,23:52:10
459,8755,79,2019-01-06,23:52:11
171293,454,73,2019-01-06,23:52:33
135507,8390,47,2019-01-06,23:52:35
285998,9736,10,2019-01-07,23:15:42
211651,2685,18,2019-01-07,23:17:49
85303,7136,52,2019-01-07,23:17:54
304562,9896,78,2019-01-07,23:17:54
492972,2160,98,2019-01-07,23:18:19
722792,3208,40,2019-01-07,23:18:22
4260,6737,66,2019-01-07,23:19:18
308797,9358,26,2019-01-07,23:19:47
291527,5952,84,2019-01-07,23:19:47
602803,8251,16,2019-01-07,23:19:48
430735,7052,19,2019-01-07,23:23:07
574897,4637,43,2019-01-07,23:24:17
565508,9015,34,2019-01-07,23:24:18
671622,5878,6,2019-01-07,23:24:43
308362,6460,61,2019-01-07,23:25:32
431773,9887,4,2019-01-07,23:26:08
549153,8081,9,2019-01-07,23:26:30
296911,9651,62,2019-01-07,23:26:49
834166,9689,81,2019-01-07,23:27:25
222293,1126,43,2019-01-07,23:27:26
74221,7043,66,2019-01-07,23:28:33
602214,9033,60,2019-01-07,23:29:41
705743,8408,59,2019-01-07,23:30:02
911494,3979,13,2019-01-07,23:30:02
587002,626,86,2019-01-07,23:30:12
903135,7545,85,2019-01-07,23:30:24
452817,3752,33,2019-01-07,23:34:10
108191,5312,7,2019-01-07,23:36:39
663960,5322,75,2019-01-07,23:36:40
892850,5802,96,2019-01-07,23:36:41
739233,6058,33,2019-01-07,23:37:57
520851,7450,1,2019-01-07,23:37:59
486393,8566,35,2019-01-07,23:38:19
137081,8187,90,2019-01-07,23:38:19
496450,3822,66,2019-01-07,23:38:32
203234,1426,91,2019-01-07,23:38:39
643598,8960,60,2019-01-07,23:38:48
584531,34,78,2019-01-07,23:38:53
870507,3602,67,2019-01-07,23:38:54
12110,7462,17,2019-01-07,23:39:09
411251,5960,98,2019-01-07,23:39:10
969597,8167,90,2019-01-07,23:39:56
760508,6,9,2019-01-07,23:40:09
42424,7862,97,2019-01-07,23:40:36
647049,9186,63,2019-01-07,23:40:53
204099,9782,75,2019-01-07,23:41:00
462806,5112,5,2019-01-07,23:41:55
965808,3526,7,2019-01-07,23:42:18
93341,8343,29,2019-01-07,23:43:23
664755,1862,92,2019-01-07,23:43:36
385218,6265,82,2019-01-07,23:43:38
911796,3330,32,2019-01-07,23:43:44
383012,5712,79,2019-01-07,23:44:11
948233,4211,10,2019-01-07,23:44:12
662545,630,41,2019-01-07,23:44:19
396348,9282,49,2019-01-07,23:44:21
139056,4214,50,2019-01-07,23:45:23
157352,7962,25,2019-01-07,23:45:24
293939,4422,39,2019-01-07,23:49:24
611942,4755,61,2019-01-07,23:49:30
181622,5296,77,2019-01-07,23:49:45
302144,4882,81,2019-01-07,23:49:47
9822,113,21,2019-01-07,23:49:52
1821,3309,15,2019-01-07,23:49:54
821466,3603,10,2019-01-07,23:50:09
751711,2998,67,2019-01-07,23:50:10
43830,3722,19,2019-01-07,23:50:17
973681,5174,55,2019-01-07,23:50:44
527645,7504,82,2019-01-07,23:51:56
264910,4926,39,2019-01-07,23:51:57
150274,5125,21,2019-01-07,23:52:09
844330,3166,48,2019-01-07,23:52:26
106907,8699,38,2019-01-07,23:52:28
440124,6875,16,2019-01-07,23:52:35
262072,1330,55,2019-01-07,23:52:53
98085,4706,2,2019-01-08,23:16:34
314811,9254,39,2019-01-08,23:18:19
136493,3124,43,2019-01-08,23:18:19
901115,3123,26,2019-01-08,23:19:39
523330,3362,72,2019-01-08,23:23:34
811169,5184,25,2019-01-08,23:23:39
705701,1563,29,2019-01-08,23:26:00
507432,3750,46,2019-01-08,23:26:03
510025,3117,8,2019-01-08,23:26:03
121081,3691,88,2019-01-08,23:26:08
647462,8881,71,2019-01-08,23:26:13
61357,8392,41,2019-01-08,23:26:17
601228,6351,55,2019-01-08,23:26:39
161380,1139,92,2019-01-08,23:26:44
461199,6137,88,2019-01-08,23:26:45
948769,4136,35,2019-01-08,23:27:26
40558,1927,51,2019-01-08,23:28:24
158016,8812,20,2019-01-08,23:28:24
847449,6824,88,2019-01-08,23:28:25
158265,6596,7,2019-01-08,23:28:42
557363,7986,43,2019-01-08,23:29:41
249300,4052,42,2019-01-08,23:29:42
122950,7074,33,2019-01-08,23:29:56
625405,9684,34,2019-01-08,23:29:57
227337,9504,19,2019-01-08,23:30:10
686439,299,61,2019-01-08,23:30:10
470630,4106,46,2019-01-08,23:30:15
335460,4489,40,2019-01-08,23:30:24
878950,4936,7,2019-01-08,23:33:43
976342,2021,69,2019-01-08,23:34:57
169352,206,35,2019-01-08,23:35:12
28608,6892,55,2019-01-08,23:35:14
690983,9020,20,2019-01-08,23:36:25
351968,7532,55,2019-01-08,23:36:26
388751,7263,60,2019-01-08,23:36:31
107551,4541,80,2019-01-08,23:36:40
908025,8471,53,2019-01-08,23:38:19
263308,4038,80,2019-01-08,23:38:21
933818,8762,34,2019-01-08,23:38:25
332988,272,29,2019-01-08,23:38:26
510509,502,83,2019-01-08,23:38:39
640842,9312,8,2019-01-08,23:38:40
112158,8021,42,2019-01-08,23:38:55
943527,7013,66,2019-01-08,23:38:55
186988,8407,72,2019-01-08,23:39:00
213856,9151,54,2019-01-08,23:39:10
161469,4528,72,2019-01-08,23:40:09
846548,9014,9,2019-01-08,23:40:38
637160,6812,60,2019-01-08,23:40:44
157932,2945,39,2019-01-08,23:40:54
802970,2318,75,2019-01-08,23:41:01
830589,4103,62,2019-01-08,23:41:56
841862,4424,37,2019-01-08,23:42:03
391340,6749,38,2019-01-08,23:43:22
538102,5148,2,2019-01-08,23:43:38
481771,4490,79,2019-01-08,23:44:11
82595,2521,55,2019-01-08,23:45:01
924814,4284,22,2019-01-08,23:45:08
142952,4898,50,2019-01-08,23:45:09
469828,4123,17,2019-01-08,23:45:15
482368,6735,2,2019-01-08,23:49:31
907100,8782,18,2019-01-08,23:49:32
45801,5364,26,2019-01-08,23:49:39
922636,399,49,2019-01-08,23:49:47
128571,9958,33,2019-01-08,23:49:52
497338,5335,65,2019-01-08,23:50:10
73781,6001,38,2019-01-08,23:50:10
70245,8068,82,2019-01-08,23:50:11
452971,8748,26,2019-01-08,23:50:11
377698,5439,71,2019-01-08,23:50:15
745245,2079,82,2019-01-08,23:50:45
758353,3943,24,2019-01-08,23:51:41
970890,9429,13,2019-01-08,23:51:42
809977,6909,30,2019-01-08,23:51:55
100665,146,70,2019-01-08,23:52:11
169903,7413,27,2019-01-08,23:52:34
67703,5699,7,2019-01-08,23:52:46
743149,6555,45,2019-01-08,23:52:55
158616,4587,53,2019-01-09,23:15:36
169663,4064,13,2019-01-09,23:15:41
840422,3275,62,2019-01-09,23:16:25
659560,7956,37,2019-01-09,23:17:49
153116,4654,29,2019-01-09,23:17:57
805442,8394,10,2019-01-09,23:17:58
717291,7620,95,2019-01-09,23:18:22
614354,3487,31,2019-01-09,23:19:24
301867,541,43,2019-01-09,23:19:40
969434,753,10,2019-01-09,23:19:47
641933,8735,45,2019-01-09,23:23:08
950548,4678,1,2019-01-09,23:23:39
163211,9251,54,2019-01-09,23:24:11
600544,641,53,2019-01-09,23:24:22
79002,7677,18,2019-01-09,23:24:22
193554,9136,32,2019-01-09,23:24:26
134485,1,57,2019-01-09,23:24:43
185730,5172,23,2019-01-09,23:26:09
960324,8513,21,2019-01-09,23:26:09
247545,8808,9,2019-01-09,23:27:25
143679,6458,36,2019-01-09,23:27:26
412384,4147,38,2019-01-09,23:28:43
785388,5513,35,2019-01-09,23:28:44
141304,540,33,2019-01-09,23:29:46
897302,873,14,2019-01-09,23:29:47
155760,4982,79,2019-01-09,23:29:47
589518,8844,47,2019-01-09,23:29:52
248615,1872,87,2019-01-09,23:29:56
954876,2191,52,2019-01-09,23:30:01
52010,9064,54,2019-01-09,23:34:04
570911,9207,12,2019-01-09,23:34:05
678077,610,66,2019-01-09,23:34:10
158274,4120,87,2019-01-09,23:35:13
337531,5524,78,2019-01-09,23:36:26
326103,6221,9,2019-01-09,23:36:26
563451,4199,46,2019-01-09,23:36:27
207645,3089,82,2019-01-09,23:36:34
196065,6944,72,2019-01-09,23:37:57
350709,4970,46,2019-01-09,23:37:58
875150,8085,19,2019-01-09,23:38:34
113421,7209,93,2019-01-09,23:38:55
148177,3188,52,2019-01-09,23:39:02
100353,3044,89,2019-01-09,23:39:09
89237,6122,88,2019-01-09,23:41:56
264078,5686,75,2019-01-09,23:42:05
916645,7600,52,2019-01-09,23:42:05
722120,6601,55,2019-01-09,23:43:38
107314,7827,1,2019-01-09,23:45:00
697124,8287,12,2019-01-09,23:45:16
224665,1075,67,2019-01-09,23:45:17
340746,9093,14,2019-01-09,23:45:23
778728,9208,47,2019-01-09,23:49:23
642306,7255,78,2019-01-09,23:49:31
52440,3937,78,2019-01-09,23:49:32
830324,8398,87,2019-01-09,23:49:32
93447,8399,97,2019-01-09,23:49:32
469891,1445,36,2019-01-09,23:49:39
142458,246,4,2019-01-09,23:49:40
182761,2054,93,2019-01-09,23:49:40
815866,6948,95,2019-01-09,23:49:47
891062,7631,18,2019-01-09,23:49:52
172346,7535,88,2019-01-09,23:49:54
660202,957,60,2019-01-09,23:49:59
801550,5380,23,2019-01-09,23:49:59
96739,6550,51,2019-01-09,23:50:00
43467,2385,11,2019-01-09,23:50:10
755747,3823,10,2019-01-09,23:50:15
792518,7133,85,2019-01-09,23:50:15
436825,489,43,2019-01-09,23:50:45
628285,9138,64,2019-01-09,23:51:40
312820,75,92,2019-01-09,23:51:56
182347,6216,30,2019-01-09,23:51:56
582348,2614,45,2019-01-09,23:51:57
292261,5491,23,2019-01-09,23:52:21
978005,3287,7,2019-01-09,23:52:33
307398,3299,71,2019-01-09,23:52:46
521019,2311,58,2019-01-10,23:15:36
34617,4446,36,2019-01-10,23:17:50
900769,8947,23,2019-01-10,23:17:50
509880,8859,65,2019-01-10,23:17:54
61579,6226,43,2019-01-10,23:17:58
295202,1650,41,2019-01-10,23:18:36
47430,6945,55,2019-01-10,23:19:18
696355,6202,11,2019-01-10,23:19:24
321733,2752,88,2019-01-10,23:19:25
440648,4378,97,2019-01-10,23:19:39
840309,4463,40,2019-01-10,23:19:46
734639,9304,96,2019-01-10,23:22:48
662296,3562,35,2019-01-10,23:23:35
630420,9509,39,2019-01-10,23:23:35
969335,2385,42,2019-01-10,23:23:40
593241,6317,93,2019-01-10,23:24:13
539924,9207,15,2019-01-10,23:24:26
611535,6646,94,2019-01-10,23:24:26
727139,9384,96,2019-01-10,23:24:43
316389,4859,73,2019-01-10,23:25:31
341580,8958,55,2019-01-10,23:25:59
875050,2748,87,2019-01-10,23:26:08
84084,9956,61,2019-01-10,23:26:08
520479,5868,28,2019-01-10,23:26:40
545117,8236,72,2019-01-10,23:26:44
569073,7533,47,2019-01-10,23:28:25
566392,2446,69,2019-01-10,23:28:33
206428,1671,52,2019-01-10,23:28:33
241713,7914,16,2019-01-10,23:28:33
824266,3321,88,2019-01-10,23:28:38
745553,2586,77,2019-01-10,23:28:38
814828,2641,62,2019-01-10,23:28:38
821970,2722,84,2019-01-10,23:28:42
997704,2064,53,2019-01-10,23:28:43
485380,7396,58,2019-01-10,23:29:46
411276,9630,80,2019-01-10,23:29:47
187243,539,96,2019-01-10,23:29:51
389240,982,49,2019-01-10,23:30:11
185522,2238,71,2019-01-10,23:30:15
522840,842,19,2019-01-10,23:34:57
544338,4423,27,2019-01-10,23:35:12
925827,6614,25,2019-01-10,23:36:21
888829,6161,74,2019-01-10,23:36:26
638247,9341,10,2019-01-10,23:36:31
64362,9413,43,2019-01-10,23:36:39
568573,3865,84,2019-01-10,23:36:40
759564,8482,92,2019-01-10,23:37:56
615105,8081,38,2019-01-10,23:37:58
815315,20,2,2019-01-10,23:38:19
431438,2590,43,2019-01-10,23:38:19
585913,7614,83,2019-01-10,23:38:26
270230,170,55,2019-01-10,23:38:32
437468,3589,88,2019-01-10,23:38:39
646517,1621,34,2019-01-10,23:38:39
844103,4754,37,2019-01-10,23:38:40
954899,8436,10,2019-01-10,23:38:47
814095,1361,97,2019-01-10,23:38:55
773997,8218,32,2019-01-10,23:39:56
60359,2142,81,2019-01-10,23:40:36
824579,2398,55,2019-01-10,23:40:53
129565,1465,49,2019-01-10,23:40:54
902238,9386,85,2019-01-10,23:41:00
146932,7903,46,2019-01-10,23:41:02
937525,9210,32,2019-01-10,23:41:56
581369,6759,75,2019-01-10,23:42:04
891900,5843,12,2019-01-10,23:42:05
77843,74,79,2019-01-10,23:42:12
253916,5967,95,2019-01-10,23:42:12
526763,595,53,2019-01-10,23:42:18
304521,7595,14,2019-01-10,23:43:22
237918,1368,30,2019-01-10,23:43:22
145471,8034,84,2019-01-10,23:43:37
481905,443,63,2019-01-10,23:43:37
329605,1167,28,2019-01-10,23:45:00
546943,5907,13,2019-01-10,23:45:03
86267,3737,86,2019-01-10,23:45:08
890261,3666,73,2019-01-10,23:45:17
35391,8608,84,2019-01-10,23:45:17
679242,6544,59,2019-01-10,23:49:23
595790,1825,56,2019-01-10,23:49:25
214753,5604,57,2019-01-10,23:49:30
184013,646,81,2019-01-10,23:49:38
374946,4625,49,2019-01-10,23:49:38
497027,6601,70,2019-01-10,23:49:40
263069,7046,92,2019-01-10,23:49:53
590955,2869,1,2019-01-10,23:50:16
696361,1806,25,2019-01-10,23:50:44
491814,7032,44,2019-01-10,23:50:44
266998,1621,97,2019-01-10,23:51:42
627677,6580,85,2019-01-10,23:52:10
65971,3889,90,2019-01-10,23:52:33
748421,8943,26,2019-01-10,23:52:34
129672,7879,76,2019-01-10,23:52:45
699688,3089,45,2019-01-10,23:52:54
117493,345,83,2019-01-10,23:52:54
450341,108,11,2019-01-11,23:16:21
362104,864,14,2019-01-11,23:16:21
27561,1485,68,2019-01-11,23:17:57
727176,3500,43,2019-01-11,23:17:58
303960,8333,53,2019-01-11,23:19:18
340722,9540,10,2019-01-11,23:19:18
380952,4977,58,2019-01-11,23:19:19
766460,4528,76,2019-01-11,23:23:08
233175,1519,77,2019-01-11,23:23:34
672716,7349,25,2019-01-11,23:24:17
742045,2441,49,2019-01-11,23:24:23
158887,7710,97,2019-01-11,23:24:43
723522,7254,70,2019-01-11,23:24:43
717921,3569,37,2019-01-11,23:25:31
652489,5134,96,2019-01-11,23:25:31
346391,8926,3,2019-01-11,23:26:04
169654,2316,44,2019-01-11,23:26:13
814650,2072,87,2019-01-11,23:26:17
65213,1162,70,2019-01-11,23:26:17
150494,8269,85,2019-01-11,23:26:30
892119,2268,70,2019-01-11,23:26:41
893156,4209,51,2019-01-11,23:28:39
311843,6613,58,2019-01-11,23:28:43
776089,3519,47,2019-01-11,23:29:46
369151,4049,33,2019-01-11,23:29:57
230055,2580,69,2019-01-11,23:30:11
541664,4703,88,2019-01-11,23:30:11
553913,6561,35,2019-01-11,23:30:16
565569,3039,4,2019-01-11,23:33:42
539051,7958,41,2019-01-11,23:33:43
740505,4678,2,2019-01-11,23:34:57
804977,2146,76,2019-01-11,23:34:58
999248,247,18,2019-01-11,23:36:21
742896,8511,68,2019-01-11,23:36:28
970521,210,35,2019-01-11,23:36:41
7494,7770,73,2019-01-11,23:37:57
661782,7484,9,2019-01-11,23:37:58
57257,7026,21,2019-01-11,23:38:27
221649,4250,27,2019-01-11,23:38:48
256800,4727,48,2019-01-11,23:38:48
526341,6666,46,2019-01-11,23:38:54
49114,8405,9,2019-01-11,23:39:01
70430,4867,22,2019-01-11,23:40:38
831445,7663,34,2019-01-11,23:40:53
510278,6206,31,2019-01-11,23:40:53
966743,6975,95,2019-01-11,23:40:55
378590,4005,69,2019-01-11,23:42:04
620605,2245,48,2019-01-11,23:42:12
611582,5694,54,2019-01-11,23:42:19
938010,6540,4,2019-01-11,23:43:01
290156,8007,50,2019-01-11,23:43:03
873603,608,50,2019-01-11,23:43:23
408478,3703,74,2019-01-11,23:43:23
805361,7946,62,2019-01-11,23:43:24
632405,8067,20,2019-01-11,23:43:39
490870,2358,63,2019-01-11,23:43:51
77876,3158,10,2019-01-11,23:43:51
692668,1009,61,2019-01-11,23:44:10
318679,7756,44,2019-01-11,23:44:10
688202,3186,75,2019-01-11,23:44:11
193082,2799,17,2019-01-11,23:45:23
912735,6305,98,2019-01-11,23:49:24
989342,3432,33,2019-01-11,23:49:38
577419,2504,35,2019-01-11,23:49:40
720359,2030,67,2019-01-11,23:49:47
309734,1408,93,2019-01-11,23:49:59
20440,2446,2,2019-01-11,23:50:09
221541,5888,61,2019-01-11,23:50:09
653635,9597,13,2019-01-11,23:50:15
703246,9789,95,2019-01-11,23:51:40
642494,4172,2,2019-01-11,23:51:42
463542,7376,24,2019-01-11,23:51:57
428028,2589,29,2019-01-11,23:52:08
965038,5073,5,2019-01-11,23:52:08
574584,8829,73,2019-01-11,23:52:34
971802,1270,60,2019-01-11,23:52:44
715086,3649,8,2019-01-11,23:52:47
270830,9208,78,2019-01-11,23:52:55
680548,1277,4,2019-01-11,23:52:55
675693,8037,80,2019-01-11,23:53:02
174296,6797,18,2019-01-11,23:53:02
978642,1911,37,2019-01-11,23:53:03
280354,3399,27,2019-01-12,23:15:36
293108,2950,53,2019-01-12,23:15:36
668521,7740,53,2019-01-12,23:15:37
195987,8113,44,2019-01-12,23:16:25
950351,1494,18,2019-01-12,23:18:18
521930,1778,77,2019-01-12,23:18:22
712107,6755,7,2019-01-12,23:18:27
278294,2091,11,2019-01-12,23:19:52
69426,4408,40,2019-01-12,23:23:39
249147,2908,9,2019-01-12,23:23:40
665466,7163,71,2019-01-12,23:24:13
820915,4218,6,2019-01-12,23:24:17
999777,1346,19,2019-01-12,23:24:18
477080,1640,26,2019-01-12,23:24:18
140260,6094,29,2019-01-12,23:24:23
841749,5868,84,2019-01-12,23:24:26
645947,7857,9,2019-01-12,23:24:26
503398,2824,56,2019-01-12,23:24:43
374769,7270,2,2019-01-12,23:25:58
650188,818,18,2019-01-12,23:26:00
237363,2808,19,2019-01-12,23:26:04
426382,7033,22,2019-01-12,23:26:24
718830,711,80,2019-01-12,23:26:24
431405,1532,20,2019-01-12,23:26:24
733042,7667,94,2019-01-12,23:26:39
906236,4983,93,2019-01-12,23:26:40
522589,2021,40,2019-01-12,23:26:44
147267,8406,19,2019-01-12,23:26:45
716184,6272,98,2019-01-12,23:28:26
598688,6822,60,2019-01-12,23:28:26
532396,5447,14,2019-01-12,23:28:34
423496,9293,4,2019-01-12,23:28:34
361474,6120,18,2019-01-12,23:29:51
623831,418,7,2019-01-12,23:29:56
670494,8778,5,2019-01-12,23:30:02
280087,8716,29,2019-01-12,23:30:02
5381,4219,27,2019-01-12,23:30:16
667344,6350,75,2019-01-12,23:30:20
844213,2836,43,2019-01-12,23:33:42
305905,9055,73,2019-01-12,23:36:21
266610,9170,55,2019-01-12,23:36:27
855468,7299,88,2019-01-12,23:36:27
413534,2883,11,2019-01-12,23:36:32
858302,2380,12,2019-01-12,23:36:41
208025,8100,60,2019-01-12,23:37:56
888104,9909,69,2019-01-12,23:37:57
707182,8157,26,2019-01-12,23:38:21
3440,2282,77,2019-01-12,23:38:26
703285,5966,14,2019-01-12,23:38:39
270244,8827,76,2019-01-12,23:38:49
289752,4951,78,2019-01-12,23:39:00
147945,9190,48,2019-01-12,23:39:01
494448,4485,87,2019-01-12,23:39:02
672445,907,90,2019-01-12,23:40:36
645508,9926,94,2019-01-12,23:40:36
746286,995,79,2019-01-12,23:42:04
669409,2660,87,2019-01-12,23:42:11
79709,4017,63,2019-01-12,23:42:18
897894,7982,68,2019-01-12,23:42:19
431227,3382,63,2019-01-12,23:42:26
211098,757,93,2019-01-12,23:43:01
394426,2319,47,2019-01-12,23:43:24
740115,1954,25,2019-01-12,23:43:36
316570,1026,44,2019-01-12,23:43:38
632828,1067,81,2019-01-12,23:43:39
183407,5420,47,2019-01-12,23:44:21
713918,8022,78,2019-01-12,23:45:10
758907,1874,37,2019-01-12,23:49:24
469810,8487,25,2019-01-12,23:49:30
656998,5747,68,2019-01-12,23:49:39
211787,7837,84,2019-01-12,23:49:39
442643,1150,84,2019-01-12,23:49:47
816332,1951,12,2019-01-12,23:50:00
336167,4564,76,2019-01-12,23:50:01
831542,8768,64,2019-01-12,23:50:01
423872,2427,48,2019-01-12,23:50:09
442221,5431,31,2019-01-12,23:50:16
847763,2840,34,2019-01-12,23:50:17
317948,936,61,2019-01-12,23:50:44
761123,8643,65,2019-01-12,23:50:44
725720,2090,80,2019-01-12,23:51:19
467423,818,20,2019-01-12,23:51:20
136340,4629,72,2019-01-12,23:52:10
386011,6617,76,2019-01-12,23:52:28
954536,4262,69,2019-01-12,23:52:54
467693,1825,37,2019-01-12,23:52:55
751189,4840,34,2019-01-12,23:53:02
564540,4698,20,2019-01-13,23:16:21
169609,1203,79,2019-01-13,23:16:22
758379,8370,3,2019-01-13,23:16:26
611715,9153,94,2019-01-13,23:17:58
952932,1477,57,2019-01-13,23:18:18
549631,27,73,2019-01-13,23:19:23
752010,6800,67,2019-01-13,23:19:24
503957,6678,10,2019-01-13,23:19:51
406861,6481,54,2019-01-13,23:19:51
425327,7862,13,2019-01-13,23:22:48
228394,6473,35,2019-01-13,23:22:49
947448,2026,32,2019-01-13,23:22:49
459864,5693,26,2019-01-13,23:23:40
139241,1204,14,2019-01-13,23:24:23
305006,7330,83,2019-01-13,23:25:31
508619,9385,61,2019-01-13,23:25:58
227033,9054,89,2019-01-13,23:26:17
89662,5228,77,2019-01-13,23:26:17
429445,1802,21,2019-01-13,23:26:24
360432,7595,43,2019-01-13,23:26:30
460949,6741,86,2019-01-13,23:26:30
17214,1487,88,2019-01-13,23:26:40
80385,4096,14,2019-01-13,23:26:40
144454,9063,20,2019-01-13,23:26:44
213282,6845,45,2019-01-13,23:26:45
387725,7159,44,2019-01-13,23:26:45
400918,1005,52,2019-01-13,23:26:49
397971,638,58,2019-01-13,23:27:24
835504,6997,97,2019-01-13,23:28:25
945501,2352,95,2019-01-13,23:28:26
213879,466,5,2019-01-13,23:28:38
222556,9160,96,2019-01-13,23:28:43
742818,4394,42,2019-01-13,23:29:41
277770,3719,27,2019-01-13,23:29:47
861608,1358,19,2019-01-13,23:29:51
313999,1964,53,2019-01-13,23:29:57
986884,5617,53,2019-01-13,23:30:02
958089,8344,25,2019-01-13,23:30:03
333775,1950,60,2019-01-13,23:30:15
235903,9444,65,2019-01-13,23:30:15
802739,1863,60,2019-01-13,23:34:03
726811,539,20,2019-01-13,23:34:03
232077,7820,30,2019-01-13,23:34:04
164470,2929,79,2019-01-13,23:35:14
229037,759,95,2019-01-13,23:35:14
828888,355,22,2019-01-13,23:36:32
681831,9803,96,2019-01-13,23:36:33
967547,4256,70,2019-01-13,23:36:39
419617,6342,74,2019-01-13,23:36:40
97321,7644,74,2019-01-13,23:36:41
811437,228,64,2019-01-13,23:37:56
78604,3674,6,2019-01-13,23:37:58
93636,721,48,2019-01-13,23:38:20
265009,2073,40,2019-01-13,23:38:26
451374,6617,91,2019-01-13,23:38:33
59885,2372,80,2019-01-13,23:38:33
953726,3726,70,2019-01-13,23:38:39
220313,948,47,2019-01-13,23:38:49
42275,1876,59,2019-01-13,23:38:54
329216,6117,19,2019-01-13,23:38:54
471436,86,33,2019-01-13,23:38:55
75460,2714,32,2019-01-13,23:39:10
591295,3373,49,2019-01-13,23:39:10
12877,1662,41,2019-01-13,23:40:36
394607,2893,77,2019-01-13,23:40:37
828693,2950,61,2019-01-13,23:40:53
657692,3319,61,2019-01-13,23:40:53
854318,787,39,2019-01-13,23:41:55
605460,1261,86,2019-01-13,23:41:56
575972,5498,45,2019-01-13,23:42:05
593754,5684,20,2019-01-13,23:42:11
646778,9319,98,2019-01-13,23:42:13
841682,4816,84,2019-01-13,23:43:03
369165,8452,72,2019-01-13,23:43:04
620167,852,81,2019-01-13,23:43:04
762802,2048,30,2019-01-13,23:44:10
703191,374,23,2019-01-13,23:44:18
548801,9187,3,2019-01-13,23:45:00
701827,8188,6,2019-01-13,23:45:02
326274,4458,24,2019-01-13,23:45:09
518206,7296,41,2019-01-13,23:45:16
335013,1967,8,2019-01-13,23:45:23
607402,3369,90,2019-01-13,23:50:00
526244,2682,51,2019-01-13,23:50:01
337230,2583,89,2019-01-13,23:50:09
416450,4187,59,2019-01-13,23:50:10
303496,8380,96,2019-01-13,23:50:45
243704,3615,80,2019-01-13,23:51:56
318668,3851,73,2019-01-13,23:51:57
713026,6102,50,2019-01-13,23:52:09
593911,4656,26,2019-01-13,23:52:19
76439,4800,13,2019-01-13,23:52:21
730689,6816,23,2019-01-13,23:52:26
719178,8340,87,2019-01-13,23:52:35
289277,3665,67,2019-01-13,23:52:55
800779,929,77,2019-01-13,23:53:03
951748,5149,82,2019-01-13,23:53:58
673748,9061,59,2019-01-14,23:15:36
200560,1394,30,2019-01-14,23:16:34
65290,4258,71,2019-01-14,23:17:58
351782,687,22,2019-01-14,23:18:18
934957,6290,85,2019-01-14,23:18:19
321680,2508,58,2019-01-14,23:19:18
451873,9316,91,2019-01-14,23:23:08
14194,9114,47,2019-01-14,23:23:40
746844,7758,26,2019-01-14,23:23:40
787353,3998,75,2019-01-14,23:23:41
160088,4366,81,2019-01-14,23:23:41
457518,2755,50,2019-01-14,23:24:27
993110,7641,2,2019-01-14,23:24:33
531255,423,62,2019-01-14,23:24:33
535436,7931,68,2019-01-14,23:25:13
526756,6339,17,2019-01-14,23:25:13
743443,7801,33,2019-01-14,23:25:59
433847,9018,50,2019-01-14,23:26:08
355087,9701,88,2019-01-14,23:26:24
286772,177,89,2019-01-14,23:26:46
136727,7984,45,2019-01-14,23:27:25
599563,7772,33,2019-01-14,23:27:26
534605,4289,81,2019-01-14,23:28:34
94733,6329,22,2019-01-14,23:28:34
732254,5306,94,2019-01-14,23:29:41
793149,8448,59,2019-01-14,23:29:52
906894,4659,15,2019-01-14,23:29:57
518245,2634,3,2019-01-14,23:30:01
646809,3484,41,2019-01-14,23:30:10
955786,3624,52,2019-01-14,23:30:15
654753,6537,1,2019-01-14,23:36:22
170556,6071,92,2019-01-14,23:36:32
644415,5322,83,2019-01-14,23:36:39
734116,9903,62,2019-01-14,23:37:58
899522,4433,21,2019-01-14,23:38:32
35361,3860,34,2019-01-14,23:38:39
571735,9587,45,2019-01-14,23:38:39
198573,8429,24,2019-01-14,23:38:47
829864,8618,85,2019-01-14,23:39:56
518506,8301,61,2019-01-14,23:40:36
107197,298,17,2019-01-14,23:41:55
476284,1519,48,2019-01-14,23:42:12
863219,5216,95,2019-01-14,23:42:26
456338,1938,88,2019-01-14,23:43:02
823204,2823,48,2019-01-14,23:43:02
840788,8410,8,2019-01-14,23:43:38
521771,3557,18,2019-01-14,23:43:39
182490,6120,11,2019-01-14,23:44:09
179395,3981,58,2019-01-14,23:44:18
642984,3682,18,2019-01-14,23:45:15
266520,6953,33,2019-01-14,23:45:21
422505,9217,35,2019-01-14,23:45:23
260476,2974,36,2019-01-14,23:49:23
869369,946,21,2019-01-14,23:50:09
288056,5153,30,2019-01-14,23:50:10
329894,1117,25,2019-01-14,23:50:45
353381,2290,84,2019-01-14,23:51:40
567436,3381,46,2019-01-14,23:52:20
193193,2060,31,2019-01-14,23:52:33
768021,8696,90,2019-01-14,23:52:33
42963,7829,68,2019-01-14,23:52:55
175527,2006,59,2019-01-14,23:53:02
922410,5348,67,2019-01-14,23:53:03
259653,7486,85,2019-01-14,23:54:05
10815,4641,4,2019-01-15,23:15:36
864684,7422,59,2019-01-15,23:15:36
801690,7572,35,2019-01-15,23:18:22
764047,6620,24,2019-01-15,23:18:30
479577,9762,80,2019-01-15,23:18:35
996353,4618,36,2019-01-15,23:19:39
998095,2496,98,2019-01-15,23:19:47
408563,7508,23,2019-01-15,23:19:52
366684,6016,51,2019-01-15,23:22:47
160340,5653,31,2019-01-15,23:23:08
935213,3842,64,2019-01-15,23:23:34
942658,1958,62,2019-01-15,23:23:34
858013,1903,21,2019-01-15,23:23:35
385518,8239,16,2019-01-15,23:23:39
95646,3572,96,2019-01-15,23:23:40
549955,9722,14,2019-01-15,23:24:13
934765,9607,26,2019-01-15,23:24:17
991692,165,91,2019-01-15,23:24:17
115567,7694,58,2019-01-15,23:24:22
499948,656,32,2019-01-15,23:24:23
685957,8276,48,2019-01-15,23:24:28
725124,7702,75,2019-01-15,23:24:33
605496,9365,91,2019-01-15,23:24:43
870993,4163,48,2019-01-15,23:24:44
871900,2493,38,2019-01-15,23:24:44
845253,8572,75,2019-01-15,23:25:13
299148,1851,81,2019-01-15,23:25:13
720657,8139,27,2019-01-15,23:25:31
695215,2814,10,2019-01-15,23:25:33
564587,8919,28,2019-01-15,23:25:59
247871,2460,58,2019-01-15,23:26:12
552847,9112,16,2019-01-15,23:26:12
59495,66,71,2019-01-15,23:26:18
488522,912,24,2019-01-15,23:26:49
103356,5048,1,2019-01-15,23:27:26
123428,6503,79,2019-01-15,23:28:43
746085,1786,35,2019-01-15,23:29:57
697910,926,58,2019-01-15,23:29:57
420286,4296,28,2019-01-15,23:30:03
326718,9927,48,2019-01-15,23:30:10
796878,7577,37,2019-01-15,23:30:16
980707,9687,39,2019-01-15,23:30:24
206023,8957,50,2019-01-15,23:30:24
191830,8140,79,2019-01-15,23:34:11
170117,9193,57,2019-01-15,23:34:57
937258,7285,90,2019-01-15,23:36:20
3512,3045,37,2019-01-15,23:36:33
292261,5275,21,2019-01-15,23:36:40
817443,2117,5,2019-01-15,23:36:41
338508,1580,31,2019-01-15,23:37:57
377325,9519,27,2019-01-15,23:37:57
419522,5202,7,2019-01-15,23:38:20
199157,4575,26,2019-01-15,23:38:21
694040,5038,38,2019-01-15,23:38:21
259813,5846,20,2019-01-15,23:38:27
393576,3353,38,2019-01-15,23:38:39
330083,6637,65,2019-01-15,23:39:00
665158,1749,17,2019-01-15,23:39:10
674873,2175,29,2019-01-15,23:40:08
924588,9615,38,2019-01-15,23:40:09
933882,1083,40,2019-01-15,23:40:44
138032,3520,82,2019-01-15,23:40:46
764107,1881,65,2019-01-15,23:40:47
980594,9277,44,2019-01-15,23:42:19
625976,2587,97,2019-01-15,23:43:01
561218,2068,77,2019-01-15,23:43:03
573448,1834,30,2019-01-15,23:43:37
675540,8523,9,2019-01-15,23:43:44
689527,7651,96,2019-01-15,23:43:45
875638,2176,7,2019-01-15,23:44:18
868113,1319,85,2019-01-15,23:45:01
227563,5271,43,2019-01-15,23:45:02
716999,5108,85,2019-01-15,23:45:21
480786,2557,27,2019-01-15,23:45:21
715724,5173,29,2019-01-15,23:49:30
101145,9447,52,2019-01-15,23:49:38
984861,1172,48,2019-01-15,23:49:40
899118,7002,76,2019-01-15,23:49:52
985733,2388,26,2019-01-15,23:49:59
735707,829,58,2019-01-15,23:50:16
417746,8603,76,2019-01-15,23:51:41
437718,8763,25,2019-01-15,23:51:42
160306,2796,91,2019-01-15,23:51:55
109998,7074,65,2019-01-15,23:52:19
99547,5588,54,2019-01-15,23:52:26
585230,2330,29,2019-01-15,23:52:44
661060,4859,7,2019-01-15,23:52:47
248702,3254,75,2019-01-15,23:52:53
269436,3394,46,2019-01-15,23:52:54
9115,4757,2,2019-01-15,23:53:47
682174,5184,96,2019-01-16,23:15:37
505648,3101,98,2019-01-16,23:18:35
293271,5861,96,2019-01-16,23:18:35
525171,2558,16,2019-01-16,23:18:37
876813,6721,70,2019-01-16,23:19:19
780847,1174,55,2019-01-16,23:19:25
937699,831,53,2019-01-16,23:19:48
346245,6206,94,2019-01-16,23:22:47
136227,9042,40,2019-01-16,23:22:47
2037,978,96,2019-01-16,23:23:08
98968,2467,57,2019-01-16,23:23:39
108597,4659,66,2019-01-16,23:24:22
520415,1368,82,2019-01-16,23:24:43
280670,9935,44,2019-01-16,23:24:44
799686,2214,58,2019-01-16,23:26:08
782028,5623,89,2019-01-16,23:26:14
861618,1518,57,2019-01-16,23:26:24
836750,7171,47,2019-01-16,23:26:31
595460,1419,76,2019-01-16,23:26:40
76873,3880,75,2019-01-16,23:27:26
369995,7733,6,2019-01-16,23:28:25
495920,6376,18,2019-01-16,23:28:37
275998,1653,96,2019-01-16,23:28:38
818887,3482,29,2019-01-16,23:28:38
771123,9792,51,2019-01-16,23:28:42
248223,3906,51,2019-01-16,23:29:41
459790,9292,57,2019-01-16,23:29:47
503845,260,30,2019-01-16,23:30:01
757331,6288,39,2019-01-16,23:30:03
220336,7603,81,2019-01-16,23:30:11
160755,5822,88,2019-01-16,23:30:15
964491,1473,89,2019-01-16,23:33:43
427732,1102,42,2019-01-16,23:34:05
632855,5869,70,2019-01-16,23:34:57
583026,2171,24,2019-01-16,23:36:23
99849,5692,92,2019-01-16,23:36:32
168120,8242,51,2019-01-16,23:36:32
840477,1713,28,2019-01-16,23:36:33
34632,3413,77,2019-01-16,23:36:40
863334,2300,2,2019-01-16,23:37:56
179104,508,46,2019-01-16,23:38:21
241228,4245,11,2019-01-16,23:38:38
921079,9515,17,2019-01-16,23:38:47
587360,9611,54,2019-01-16,23:38:54
920356,3871,2,2019-01-16,23:39:10
666265,2634,2,2019-01-16,23:40:08
548813,9210,48,2019-01-16,23:40:38
158944,9789,31,2019-01-16,23:40:38
24200,1066,65,2019-01-16,23:40:53
763828,4329,62,2019-01-16,23:41:57
101539,9391,80,2019-01-16,23:42:12
526754,1978,4,2019-01-16,23:42:19
70713,3824,38,2019-01-16,23:43:23
193799,8381,46,2019-01-16,23:43:38
987460,5980,97,2019-01-16,23:43:46
922782,9750,25,2019-01-16,23:44:20
801733,1851,65,2019-01-16,23:45:02
62920,4725,19,2019-01-16,23:45:02
402528,9353,30,2019-01-16,23:45:08
309686,4080,61,2019-01-16,23:45:09
615803,3737,9,2019-01-16,23:45:09
561081,8828,43,2019-01-16,23:45:21
630045,4436,8,2019-01-16,23:45:23
312239,9832,71,2019-01-16,23:49:23
636170,1676,59,2019-01-16,23:49:25
9503,1872,5,2019-01-16,23:49:38
391307,9714,84,2019-01-16,23:49:39
419357,6116,68,2019-01-16,23:49:40
683053,3769,21,2019-01-16,23:49:40
133965,4079,48,2019-01-16,23:50:08
89042,7965,21,2019-01-16,23:50:10
814846,1552,97,2019-01-16,23:50:15
829556,7481,96,2019-01-16,23:51:18
780321,413,44,2019-01-16,23:51:18
72790,2823,2,2019-01-16,23:51:42
370641,5804,16,2019-01-16,23:52:09
970538,1986,8,2019-01-16,23:52:11
493470,2296,74,2019-01-16,23:52:21
779836,5222,86,2019-01-16,23:52:26
767947,5056,8,2019-01-16,23:52:26
429099,1828,38,2019-01-16,23:52:26
480948,6007,50,2019-01-16,23:52:44
293556,8444,48,2019-01-16,23:52:53
775516,4471,19,2019-01-16,23:52:54
955768,7768,91,2019-01-16,23:53:02
55968,9280,86,2019-01-16,23:53:03
573256,646,18,2019-01-16,23:53:47
740881,2172,6,2019-01-16,23:53:53
819775,8121,37,2019-01-17,23:17:49
580263,1376,17,2019-01-17,23:18:23
795867,4988,52,2019-01-17,23:19:18
771180,5608,75,2019-01-17,23:19:25
683350,5249,46,2019-01-17,23:19:39
772711,1991,76,2019-01-17,23:19:40
632060,2828,6,2019-01-17,23:19:40
339172,5663,51,2019-01-17,23:19:41
831130,6040,76,2019-01-17,23:19:46
91686,77,4,2019-01-17,23:19:51
927764,7267,45,2019-01-17,23:22:48
400763,9245,31,2019-01-17,23:22:49
545028,4871,56,2019-01-17,23:23:07
564694,8036,84,2019-01-17,23:23:08
849825,8096,53,2019-01-17,23:23:34
97395,8105,74,2019-01-17,23:23:35
433087,165,29,2019-01-17,23:24:23
595415,1379,7,2019-01-17,23:24:44
286871,5014,20,2019-01-17,23:25:13
280205,8447,68,2019-01-17,23:25:59
320831,8760,20,2019-01-17,23:26:03
106220,6552,2,2019-01-17,23:26:17
269375,4220,92,2019-01-17,23:26:24
134617,8318,55,2019-01-17,23:26:31
420765,4309,23,2019-01-17,23:26:41
609455,8729,15,2019-01-17,23:26:44
170007,1510,37,2019-01-17,23:26:45
650602,4986,33,2019-01-17,23:26:46
174261,8339,31,2019-01-17,23:27:24
698833,7972,68,2019-01-17,23:27:25
65278,2654,48,2019-01-17,23:28:26
480786,6316,75,2019-01-17,23:28:38
359115,7311,77,2019-01-17,23:29:40
249148,9751,92,2019-01-17,23:29:47
835418,3592,25,2019-01-17,23:29:51
165059,7528,68,2019-01-17,23:29:55
759256,1257,76,2019-01-17,23:30:02
794894,3470,25,2019-01-17,23:30:02
742216,8009,90,2019-01-17,23:34:05
221829,3649,39,2019-01-17,23:35:04
317893,1589,37,2019-01-17,23:35:06
511088,6403,84,2019-01-17,23:35:06
716108,4261,31,2019-01-17,23:36:39
383599,8333,3,2019-01-17,23:36:40
266939,1984,87,2019-01-17,23:36:40
5742,1145,87,2019-01-17,23:38:20
451806,713,7,2019-01-17,23:38:27
821699,4269,47,2019-01-17,23:38:32
503681,3051,92,2019-01-17,23:38:32
809740,292,77,2019-01-17,23:38:33
192379,4428,86,2019-01-17,23:38:33
269793,5685,63,2019-01-17,23:38:34
454732,5587,10,2019-01-17,23:38:41
405767,5247,44,2019-01-17,23:38:47
349031,6295,59,2019-01-17,23:39:09
786852,8729,63,2019-01-17,23:40:08
443027,8387,69,2019-01-17,23:40:10
815215,4643,21,2019-01-17,23:40:45
421866,8250,60,2019-01-17,23:40:55
835509,2549,74,2019-01-17,23:41:00
721504,4139,17,2019-01-17,23:41:01
840323,718,21,2019-01-17,23:41:55
999435,4588,22,2019-01-17,23:41:56
988541,1574,66,2019-01-17,23:42:04
148442,1863,20,2019-01-17,23:42:05
379642,5619,11,2019-01-17,23:42:12
935446,192,43,2019-01-17,23:42:13
278204,7815,69,2019-01-17,23:42:19
164612,8759,47,2019-01-17,23:43:22
720052,2959,49,2019-01-17,23:43:22
942418,8705,63,2019-01-17,23:43:22
887007,8806,50,2019-01-17,23:43:23
791147,6122,16,2019-01-17,23:43:38
816459,1582,10,2019-01-17,23:43:44
362014,4248,58,2019-01-17,23:44:10
593811,8056,61,2019-01-17,23:45:02
541120,868,37,2019-01-17,23:45:17
618700,4518,38,2019-01-17,23:49:26
79125,7838,81,2019-01-17,23:49:30
742553,715,25,2019-01-17,23:49:32
834863,9461,24,2019-01-17,23:49:39
603153,2597,2,2019-01-17,23:50:08
239651,4057,2,2019-01-17,23:50:15
545411,2330,93,2019-01-17,23:50:16
721960,6202,14,2019-01-17,23:51:56
256946,3651,74,2019-01-17,23:52:19
825842,6057,6,2019-01-17,23:52:19
944860,3921,9,2019-01-17,23:52:20
558108,3663,1,2019-01-17,23:52:26
942626,9881,19,2019-01-17,23:52:44
977412,3072,47,2019-01-17,23:52:45
353779,6821,21,2019-01-17,23:52:55
86627,8021,72,2019-01-17,23:54:05
418189,4736,27,2019-01-17,23:54:09
349072,8735,27,2019-01-18,23:16:25
224196,2759,7,2019-01-18,23:17:49
709842,9331,37,2019-01-18,23:17:54
48860,4620,22,2019-01-18,23:18:28
37565,7636,15,2019-01-18,23:18:34
193017,3502,92,2019-01-18,23:19:18
953125,7731,81,2019-01-18,23:19:18
283608,1638,94,2019-01-18,23:19:39
504723,3989,43,2019-01-18,23:19:52
488240,6313,14,2019-01-18,23:23:08
71781,7389,70,2019-01-18,23:23:40
531482,8381,68,2019-01-18,23:23:40
440610,3687,51,2019-01-18,23:24:17
165075,9288,88,2019-01-18,23:24:26
57161,6236,58,2019-01-18,23:24:33
269267,2321,20,2019-01-18,23:25:13
532219,3622,65,2019-01-18,23:25:31
770296,6309,17,2019-01-18,23:25:32
110158,4884,79,2019-01-18,23:25:58
619755,2283,82,2019-01-18,23:25:58
742099,1721,24,2019-01-18,23:26:04
839405,7521,32,2019-01-18,23:26:17
221821,5253,86,2019-01-18,23:26:24
358479,3066,7,2019-01-18,23:27:25
816338,770,12,2019-01-18,23:28:38
52440,1060,60,2019-01-18,23:29:47
33023,7718,3,2019-01-18,23:29:51
439386,3380,37,2019-01-18,23:29:56
713676,6154,20,2019-01-18,23:30:02
175891,8918,63,2019-01-18,23:30:02
588219,294,26,2019-01-18,23:30:16
946263,706,47,2019-01-18,23:34:09
234411,7366,16,2019-01-18,23:34:11
777282,1052,30,2019-01-18,23:34:11
922841,9859,86,2019-01-18,23:34:57
918347,9378,55,2019-01-18,23:35:05
287882,799,15,2019-01-18,23:36:27
436626,4194,93,2019-01-18,23:36:32
608808,9268,29,2019-01-18,23:36:34
220115,3397,38,2019-01-18,23:36:40
490899,3215,52,2019-01-18,23:38:20
618373,7604,12,2019-01-18,23:38:21
81885,301,16,2019-01-18,23:38:25
588638,6162,16,2019-01-18,23:38:33
842494,2425,43,2019-01-18,23:38:40
797285,6999,65,2019-01-18,23:38:47
857029,7682,76,2019-01-18,23:38:49
183643,4735,23,2019-01-18,23:39:11
888811,5769,70,2019-01-18,23:39:55
556529,1866,76,2019-01-18,23:39:56
801248,5986,18,2019-01-18,23:40:09
731711,8126,17,2019-01-18,23:40:37
850979,7435,41,2019-01-18,23:40:46
746259,7445,52,2019-01-18,23:40:46
843922,751,44,2019-01-18,23:40:54
711505,5753,36,2019-01-18,23:41:01
13297,4921,78,2019-01-18,23:41:57
626300,1790,45,2019-01-18,23:42:11
682193,6634,68,2019-01-18,23:42:20
162188,3394,72,2019-01-18,23:42:26
591672,5127,9,2019-01-18,23:43:01
956927,5099,64,2019-01-18,23:43:02
398300,4698,61,2019-01-18,23:43:37
26778,9787,41,2019-01-18,23:43:38
510628,5349,73,2019-01-18,23:43:39
304032,37,10,2019-01-18,23:43:46
204522,9378,42,2019-01-18,23:45:11
274968,2115,10,2019-01-18,23:49:40
602532,9124,75,2019-01-18,23:49:45
269958,1568,35,2019-01-18,23:49:59
173368,7603,22,2019-01-18,23:50:16
546527,1113,6,2019-01-18,23:50:16
800570,2329,86,2019-01-18,23:50:17
355822,4940,88,2019-01-18,23:51:40
508649,4990,18,2019-01-18,23:51:42
258972,9495,39,2019-01-18,23:51:42
657222,7885,87,2019-01-18,23:52:20
223904,5026,82,2019-01-18,23:52:26
150197,9019,35,2019-01-18,23:52:34
60778,262,13,2019-01-18,23:52:35
852314,6499,69,2019-01-18,23:52:35
770872,3140,7,2019-01-18,23:52:44
394579,1571,50,2019-01-18,23:52:47
987507,8251,47,2019-01-18,23:52:53
151864,4961,70,2019-01-18,23:53:02
348065,1568,7,2019-01-19,23:15:37
572383,2468,20,2019-01-19,23:17:50
86518,6302,38,2019-01-19,23:17:54
15839,5242,32,2019-01-19,23:18:27
819760,5925,86,2019-01-19,23:19:46
728688,2928,37,2019-01-19,23:19:48
170339,4100,96,2019-01-19,23:22:49
270357,3213,47,2019-01-19,23:23:35
808568,5004,36,2019-01-19,23:23:41
50910,1620,92,2019-01-19,23:24:12
116949,2412,90,2019-01-19,23:24:18
656236,9265,85,2019-01-19,23:24:18
278785,2824,86,2019-01-19,23:24:22
37979,964,17,2019-01-19,23:24:26
865448,7548,3,2019-01-19,23:24:33
988416,2995,38,2019-01-19,23:24:44
873018,1537,37,2019-01-19,23:25:13
896772,4065,8,2019-01-19,23:25:32
515762,6223,61,2019-01-19,23:26:04
516691,109,39,2019-01-19,23:26:08
964624,684,82,2019-01-19,23:26:13
306174,5501,47,2019-01-19,23:26:24
36300,444,41,2019-01-19,23:26:39
376235,7567,48,2019-01-19,23:26:39
991437,156,95,2019-01-19,23:26:45
35080,1695,40,2019-01-19,23:26:49
164233,6582,34,2019-01-19,23:27:25
174377,9689,21,2019-01-19,23:28:25
269063,9201,74,2019-01-19,23:28:25
392169,2363,43,2019-01-19,23:28:38
724656,2851,67,2019-01-19,23:29:41
729503,3855,41,2019-01-19,23:29:46
637481,8214,22,2019-01-19,23:29:52
644825,3559,18,2019-01-19,23:29:56
336260,1522,93,2019-01-19,23:30:03
375353,2899,36,2019-01-19,23:34:10
479502,6093,39,2019-01-19,23:35:05
911884,218,15,2019-01-19,23:35:05
462270,8514,40,2019-01-19,23:36:22
905566,3364,69,2019-01-19,23:36:27
263766,8643,61,2019-01-19,23:36:32
809031,5267,43,2019-01-19,23:38:20
335848,2109,45,2019-01-19,23:38:21
421847,5805,73,2019-01-19,23:38:39
616282,9595,91,2019-01-19,23:38:48
783314,4599,83,2019-01-19,23:38:49
613636,1825,44,2019-01-19,23:38:49
249161,7263,51,2019-01-19,23:38:55
438307,7653,63,2019-01-19,23:39:01
116766,203,3,2019-01-19,23:39:01
32174,7686,75,2019-01-19,23:39:10
860628,6073,29,2019-01-19,23:40:45
506629,4718,45,2019-01-19,23:41:00
616724,9161,13,2019-01-19,23:41:00
722041,6562,67,2019-01-19,23:41:00
443888,5233,3,2019-01-19,23:41:00
132743,8492,32,2019-01-19,23:42:11
420766,3229,58,2019-01-19,23:42:26
174122,3003,84,2019-01-19,23:43:39
716713,5113,60,2019-01-19,23:43:44
158161,3798,48,2019-01-19,23:43:45
217780,6339,9,2019-01-19,23:43:46
656616,7599,36,2019-01-19,23:43:51
888861,2292,13,2019-01-19,23:44:10
955586,4277,23,2019-01-19,23:44:18
808292,1467,86,2019-01-19,23:44:19
678169,7010,71,2019-01-19,23:44:20
835715,7833,89,2019-01-19,23:45:01
58297,677,6,2019-01-19,23:45:01
851662,3277,93,2019-01-19,23:45:02
347954,8269,91,2019-01-19,23:45:02
267219,8395,3,2019-01-19,23:45:03
500139,754,31,2019-01-19,23:45:09
22046,7352,84,2019-01-19,23:45:16
529538,8748,14,2019-01-19,23:49:47
185315,5192,71,2019-01-19,23:49:52
250510,5670,51,2019-01-19,23:49:59
518257,8954,69,2019-01-19,23:50:00
97395,9344,48,2019-01-19,23:50:16
344397,4002,64,2019-01-19,23:50:45
715940,8202,79,2019-01-19,23:51:41
243252,9918,23,2019-01-19,23:51:56
545424,495,11,2019-01-19,23:52:18
783600,7272,7,2019-01-19,23:52:19
392976,9863,82,2019-01-19,23:52:20
364315,4679,5,2019-01-19,23:52:27
860383,3465,76,2019-01-19,23:52:33
329765,2900,10,2019-01-19,23:52:45
280437,318,92,2019-01-19,23:52:46
538291,8844,91,2019-01-19,23:53:21
164218,6226,45,2019-01-19,23:53:58
218446,3737,59,2019-01-20,23:15:37
187425,961,11,2019-01-20,23:15:43
730941,7924,20,2019-01-20,23:16:21
582970,7637,3,2019-01-20,23:16:22
259393,4135,5,2019-01-20,23:16:26
764564,6650,88,2019-01-20,23:17:50
938852,1584,79,2019-01-20,23:17:58
386007,9252,46,2019-01-20,23:18:22
427170,1776,96,2019-01-20,23:19:18
358247,869,81,2019-01-20,23:19:40
98516,8655,13,2019-01-20,23:19:47
823347,8591,66,2019-01-20,23:22:48
672308,5953,60,2019-01-20,23:23:35
440192,4433,70,2019-01-20,23:23:40
32271,1537,34,2019-01-20,23:23:41
202432,2547,55,2019-01-20,23:24:21
417878,95,61,2019-01-20,23:24:21
432466,7599,14,2019-01-20,23:24:27
754472,8603,27,2019-01-20,23:25:59
427254,3985,26,2019-01-20,23:26:00
202172,3302,45,2019-01-20,23:26:08
626720,8452,39,2019-01-20,23:26:24
504557,2474,44,2019-01-20,23:26:29
807476,1574,44,2019-01-20,23:26:30
936917,6116,89,2019-01-20,23:26:31
292337,9485,87,2019-01-20,23:26:44
351744,1939,2,2019-01-20,23:28:38
25527,4710,60,2019-01-20,23:28:44
667825,3510,46,2019-01-20,23:29:40
877875,9410,15,2019-01-20,23:29:47
144375,7023,25,2019-01-20,23:30:02
226560,2639,2,2019-01-20,23:30:03
51730,9086,75,2019-01-20,23:30:16
762816,3900,67,2019-01-20,23:30:16
121325,141,72,2019-01-20,23:30:24
468260,7552,58,2019-01-20,23:33:44
30846,2114,91,2019-01-20,23:34:03
152978,3996,42,2019-01-20,23:34:04
71353,9934,50,2019-01-20,23:34:04
477774,4807,38,2019-01-20,23:34:57
68997,6808,83,2019-01-20,23:35:06
521177,6442,5,2019-01-20,23:35:13
937716,8497,1,2019-01-20,23:35:13
584977,2506,80,2019-01-20,23:35:14
937111,4182,55,2019-01-20,23:36:23
842195,8090,24,2019-01-20,23:36:26
374196,5919,53,2019-01-20,23:36:32
918296,4440,74,2019-01-20,23:36:32
417093,1669,69,2019-01-20,23:38:21
707794,8217,7,2019-01-20,23:38:25
195135,5727,75,2019-01-20,23:38:27
38156,3900,66,2019-01-20,23:38:47
562558,8519,32,2019-01-20,23:38:55
793710,7653,23,2019-01-20,23:39:00
594587,5194,74,2019-01-20,23:39:01
252829,8344,76,2019-01-20,23:40:08
13393,8101,25,2019-01-20,23:40:09
798577,9619,3,2019-01-20,23:40:44
143755,2262,25,2019-01-20,23:40:53
392258,5284,19,2019-01-20,23:42:03
576432,1285,66,2019-01-20,23:42:20
475168,6602,56,2019-01-20,23:42:26
71849,6049,32,2019-01-20,23:42:27
4303,2545,95,2019-01-20,23:43:37
977440,5804,35,2019-01-20,23:43:39
499319,7416,91,2019-01-20,23:43:45
146622,820,89,2019-01-20,23:44:10
951261,9517,24,2019-01-20,23:44:21
23318,7055,82,2019-01-20,23:45:02
305372,5832,16,2019-01-20,23:45:02
798254,4533,24,2019-01-20,23:45:02
167552,6802,53,2019-01-20,23:45:15
848074,2049,95,2019-01-20,23:45:24
322663,6547,71,2019-01-20,23:49:24
118896,56,27,2019-01-20,23:49:30
303892,6049,27,2019-01-20,23:49:31
887772,7516,41,2019-01-20,23:49:40
946257,2847,50,2019-01-20,23:49:46
43977,339,82,2019-01-20,23:49:54
985929,3767,87,2019-01-20,23:50:08
613937,8002,6,2019-01-20,23:50:08
366511,7504,41,2019-01-20,23:50:16
420607,930,36,2019-01-20,23:50:17
499816,6524,50,2019-01-20,23:51:41
196566,4255,65,2019-01-20,23:52:09
278166,8589,4,2019-01-20,23:52:11
334353,8784,33,2019-01-20,23:52:20
107406,5923,55,2019-01-20,23:52:33
32364,6365,91,2019-01-20,23:52:45
795712,8770,94,2019-01-20,23:52:45
814232,5794,91,2019-01-20,23:53:02
118538,5161,39,2019-01-20,23:54:05
909396,6581,82,2019-01-21,23:15:36
90804,169,16,2019-01-21,23:16:26
732748,7517,41,2019-01-21,23:16:35
293223,7809,84,2019-01-21,23:17:53
468439,7225,32,2019-01-21,23:17:57
4206,3304,15,2019-01-21,23:18:19
925541,119,73,2019-01-21,23:18:22
140499,9254,71,2019-01-21,23:19:23
654769,3393,29,2019-01-21,23:19:46
305410,3940,51,2019-01-21,23:19:51
321086,4985,71,2019-01-21,23:19:52
365267,3648,32,2019-01-21,23:22:48
711791,2090,73,2019-01-21,23:23:08
245406,83,84,2019-01-21,23:23:40
340629,6272,95,2019-01-21,23:24:12
184472,2420,29,2019-01-21,23:24:26
647032,8176,75,2019-01-21,23:24:33
888982,5436,36,2019-01-21,23:24:34
851680,5511,29,2019-01-21,23:24:43
373814,826,55,2019-01-21,23:25:12
673565,7493,79,2019-01-21,23:25:13
503651,1588,74,2019-01-21,23:25:13
337010,5000,37,2019-01-21,23:25:31
664979,7315,78,2019-01-21,23:25:58
416555,9600,39,2019-01-21,23:26:08
182901,1686,63,2019-01-21,23:26:13
569421,1246,19,2019-01-21,23:26:13
170321,1605,20,2019-01-21,23:26:17
884827,3275,91,2019-01-21,23:26:17
739501,2035,28,2019-01-21,23:26:24
382229,3888,27,2019-01-21,23:26:24
244196,5144,71,2019-01-21,23:26:25
384749,5361,20,2019-01-21,23:26:30
503019,4745,4,2019-01-21,23:26:45
245584,7281,65,2019-01-21,23:28:25
59001,5358,1,2019-01-21,23:28:25
976467,6867,81,2019-01-21,23:28:34
842380,5644,87,2019-01-21,23:28:39
654535,6680,27,2019-01-21,23:29:46
336500,3743,6,2019-01-21,23:29:52
786896,5819,69,2019-01-21,23:29:56
653424,8292,74,2019-01-21,23:30:03
459420,3049,54,2019-01-21,23:30:15
326171,7694,9,2019-01-21,23:30:15
533475,2800,96,2019-01-21,23:30:24
72717,9760,26,2019-01-21,23:35:12
388418,4220,61,2019-01-21,23:36:21
564456,1858,38,2019-01-21,23:36:31
865030,8759,98,2019-01-21,23:38:21
126516,4,16,2019-01-21,23:38:28
847592,9601,79,2019-01-21,23:38:32
831117,1018,29,2019-01-21,23:38:38
810454,9657,40,2019-01-21,23:38:48
391207,4438,30,2019-01-21,23:39:11
513256,6427,33,2019-01-21,23:39:56
237689,1435,45,2019-01-21,23:41:56
860776,102,35,2019-01-21,23:42:04
997442,9778,85,2019-01-21,23:42:11
548651,4374,86,2019-01-21,23:42:19
412064,3680,49,2019-01-21,23:43:02
987591,4381,44,2019-01-21,23:43:22
410230,982,27,2019-01-21,23:43:39
365744,7496,54,2019-01-21,23:43:45
876341,6254,64,2019-01-21,23:44:18
136387,7827,14,2019-01-21,23:45:09
40252,1488,90,2019-01-21,23:45:10
736670,8188,94,2019-01-21,23:45:21
432253,9716,33,2019-01-21,23:50:08
995365,6485,40,2019-01-21,23:50:08
558927,1302,9,2019-01-21,23:50:45
141263,155,67,2019-01-21,23:51:40
721999,6328,96,2019-01-21,23:51:41
266272,834,87,2019-01-21,23:51:42
611758,3720,47,2019-01-21,23:51:55
937827,4766,83,2019-01-21,23:51:57
520833,8422,59,2019-01-21,23:52:28
411000,484,39,2019-01-21,23:52:33
354277,256,77,2019-01-21,23:52:55
26753,9401,15,2019-01-21,23:52:55
705469,1868,42,2019-01-21,23:53:02
67107,4911,59,2019-01-21,23:53:04
752511,7123,11,2019-01-21,23:53:58
9003,257,91,2019-01-22,23:16:21
327082,1549,71,2019-01-22,23:17:49
367371,8072,79,2019-01-22,23:17:53
216488,8375,35,2019-01-22,23:17:58
978452,8399,28,2019-01-22,23:18:18
394517,2993,19,2019-01-22,23:19:18
736,6584,66,2019-01-22,23:19:23
599236,6738,72,2019-01-22,23:19:24
87876,2879,56,2019-01-22,23:19:39
290928,5912,82,2019-01-22,23:19:40
533284,9579,64,2019-01-22,23:19:47
249616,4701,52,2019-01-22,23:19:47
347785,99,9,2019-01-22,23:23:07
854402,558,90,2019-01-22,23:23:34
734317,8518,58,2019-01-22,23:24:12
152138,1451,73,2019-01-22,23:24:22
834820,8910,94,2019-01-22,23:24:22
81271,9695,56,2019-01-22,23:24:22
916177,9994,84,2019-01-22,23:24:23
668786,4528,42,2019-01-22,23:24:43
729852,4637,55,2019-01-22,23:25:31
851560,4610,21,2019-01-22,23:26:00
178193,2178,90,2019-01-22,23:26:03
728659,6696,15,2019-01-22,23:26:30
771038,3184,66,2019-01-22,23:26:31
917311,4378,88,2019-01-22,23:26:39
571852,2526,61,2019-01-22,23:26:45
190992,7285,73,2019-01-22,23:27:25
472044,3446,28,2019-01-22,23:28:34
48524,1487,83,2019-01-22,23:28:38
47763,5156,89,2019-01-22,23:29:42
177468,3680,69,2019-01-22,23:29:51
616426,2013,18,2019-01-22,23:29:51
573201,1406,11,2019-01-22,23:29:51
609511,4323,73,2019-01-22,23:29:52
213904,772,45,2019-01-22,23:30:02
722186,2256,36,2019-01-22,23:34:58
449645,4172,33,2019-01-22,23:35:05
928103,160,51,2019-01-22,23:36:23
573306,1550,1,2019-01-22,23:36:25
509001,7461,40,2019-01-22,23:36:27
831662,1586,53,2019-01-22,23:36:28
893180,2808,62,2019-01-22,23:36:32
781604,1972,42,2019-01-22,23:36:33
135871,6458,58,2019-01-22,23:36:40
990965,8431,34,2019-01-22,23:37:56
943958,8281,12,2019-01-22,23:37:56
540129,4237,48,2019-01-22,23:38:20
547470,4989,47,2019-01-22,23:38:20
85079,3590,97,2019-01-22,23:38:26
582,8430,50,2019-01-22,23:38:39
885712,6542,92,2019-01-22,23:38:55
689773,1001,17,2019-01-22,23:39:00
93353,4974,57,2019-01-22,23:40:09
505296,8771,10,2019-01-22,23:40:44
283274,4720,91,2019-01-22,23:40:46
317997,9625,98,2019-01-22,23:40:53
794577,9827,49,2019-01-22,23:40:54
956611,2088,70,2019-01-22,23:41:01
527546,2581,35,2019-01-22,23:41:55
223446,5397,42,2019-01-22,23:41:55
95463,621,86,2019-01-22,23:42:04
902678,5109,48,2019-01-22,23:42:10
361177,2513,77,2019-01-22,23:42:11
183155,9732,3,2019-01-22,23:42:12
701818,4041,79,2019-01-22,23:42:20
739948,4076,87,2019-01-22,23:43:24
323762,2647,35,2019-01-22,23:43:38
618978,1228,51,2019-01-22,23:43:45
943998,7880,69,2019-01-22,23:43:45
183330,6406,47,2019-01-22,23:43:52
880007,2802,68,2019-01-22,23:44:10
140541,4287,4,2019-01-22,23:44:19
343788,8326,21,2019-01-22,23:45:00
830219,6732,21,2019-01-22,23:45:08
713300,4005,84,2019-01-22,23:45:17
379116,2230,83,2019-01-22,23:45:21
447783,1577,7,2019-01-22,23:45:21
339945,402,91,2019-01-22,23:45:22
103608,5408,81,2019-01-22,23:45:22
294238,4539,28,2019-01-22,23:49:45
913984,2307,55,2019-01-22,23:49:46
726391,758,77,2019-01-22,23:49:59
920399,6754,7,2019-01-22,23:50:00
238865,721,23,2019-01-22,23:50:10
395764,216,94,2019-01-22,23:50:45
180191,9935,95,2019-01-22,23:51:19
770420,3722,38,2019-01-22,23:51:42
556506,6635,1,2019-01-22,23:51:57
260704,4215,59,2019-01-22,23:52:18
431532,9679,93,2019-01-22,23:52:34
166492,3696,96,2019-01-22,23:52:44
759192,7118,57,2019-01-22,23:52:46
913542,8004,34,2019-01-22,23:52:54
132201,4201,6,2019-01-22,23:53:47
196185,7847,12,2019-01-23,23:15:36
125135,1237,78,2019-01-23,23:16:26
780768,2040,10,2019-01-23,23:16:26
596012,8064,82,2019-01-23,23:19:19
444137,4605,70,2019-01-23,23:19:19
241322,6177,13,2019-01-23,23:19:24
614048,7570,28,2019-01-23,23:22:49
79731,8303,55,2019-01-23,23:23:09
27610,7861,59,2019-01-23,23:24:22
141242,429,86,2019-01-23,23:24:27
452744,9308,9,2019-01-23,23:24:43
546328,7477,33,2019-01-23,23:24:44
507003,7277,26,2019-01-23,23:25:14
858007,7993,82,2019-01-23,23:25:31
180783,7194,48,2019-01-23,23:25:58
407549,1572,40,2019-01-23,23:25:59
161380,4385,73,2019-01-23,23:26:03
264432,2035,30,2019-01-23,23:26:24
653242,2807,64,2019-01-23,23:26:29
541028,5082,32,2019-01-23,23:26:30
48819,216,1,2019-01-23,23:26:39
239202,6009,29,2019-01-23,23:28:24
851898,6420,15,2019-01-23,23:30:17
35046,986,85,2019-01-23,23:33:42
319182,2047,46,2019-01-23,23:33:43
895563,5991,69,2019-01-23,23:33:44
705079,2790,65,2019-01-23,23:35:05
814324,9337,91,2019-01-23,23:35:12
821962,3872,28,2019-01-23,23:35:13
275086,4155,97,2019-01-23,23:36:20
548654,6561,90,2019-01-23,23:36:21
349231,7535,46,2019-01-23,23:36:27
231391,1224,3,2019-01-23,23:36:32
535138,9033,48,2019-01-23,23:36:32
302426,3477,75,2019-01-23,23:36:33
914679,2006,59,2019-01-23,23:36:39
838917,7717,88,2019-01-23,23:36:41
885239,1558,17,2019-01-23,23:37:58
724181,67,75,2019-01-23,23:37:58
812272,1711,70,2019-01-23,23:38:19
926644,335,95,2019-01-23,23:38:21
977652,2046,10,2019-01-23,23:38:25
512251,3859,91,2019-01-23,23:38:26
787253,5869,31,2019-01-23,23:38:38
624944,4523,94,2019-01-23,23:38:47
881344,4415,40,2019-01-23,23:38:55
476450,9375,45,2019-01-23,23:39:01
959835,2991,52,2019-01-23,23:39:02
457548,2640,50,2019-01-23,23:39:02
509111,6767,61,2019-01-23,23:39:57
894160,9727,22,2019-01-23,23:40:37
874960,3708,24,2019-01-23,23:40:46
20752,9626,84,2019-01-23,23:41:02
519855,6674,60,2019-01-23,23:41:56
907564,1560,11,2019-01-23,23:41:56
183276,9603,91,2019-01-23,23:42:03
71632,6622,59,2019-01-23,23:42:03
298091,1803,4,2019-01-23,23:42:03
573313,4046,59,2019-01-23,23:42:05
794595,6055,74,2019-01-23,23:42:19
113339,1545,17,2019-01-23,23:42:27
419029,2721,17,2019-01-23,23:43:37
715234,1739,73,2019-01-23,23:43:44
506661,6418,53,2019-01-23,23:43:45
256076,3626,94,2019-01-23,23:44:09
90361,2871,47,2019-01-23,23:44:10
113053,8869,43,2019-01-23,23:44:19
231758,4082,7,2019-01-23,23:45:03
89873,1085,83,2019-01-23,23:45:11
76315,5593,18,2019-01-23,23:45:15
725240,2064,88,2019-01-23,23:45:15
362303,7398,28,2019-01-23,23:45:17
824717,8869,94,2019-01-23,23:49:25
255659,7034,4,2019-01-23,23:49:31
245120,4156,90,2019-01-23,23:49:31
368181,6661,35,2019-01-23,23:49:40
264768,515,16,2019-01-23,23:49:45
690674,8918,16,2019-01-23,23:49:45
699264,1844,72,2019-01-23,23:49:47
957704,2162,50,2019-01-23,23:50:00
321481,8116,12,2019-01-23,23:50:16
734049,9567,41,2019-01-23,23:50:46
334851,3682,10,2019-01-23,23:51:40
185745,325,31,2019-01-23,23:51:55
88564,6906,34,2019-01-23,23:52:09
169060,8443,23,2019-01-23,23:52:27
433647,8261,40,2019-01-23,23:52:46
666435,9259,13,2019-01-23,23:52:54
959573,6036,33,2019-01-23,23:53:02
829516,8811,14,2019-01-23,23:53:03
153231,8691,31,2019-01-23,23:53:47
765726,630,31,2019-01-23,23:54:09
661447,8111,53,2019-01-24,23:15:41
692544,8216,84,2019-01-24,23:17:49
556885,1564,74,2019-01-24,23:17:58
600953,2107,92,2019-01-24,23:19:18
4365,3907,15,2019-01-24,23:19:18
880950,6430,64,2019-01-24,23:19:47
484419,5931,62,2019-01-24,23:19:52
27656,4772,29,2019-01-24,23:22:48
364753,1761,95,2019-01-24,23:22:48
270387,4302,54,2019-01-24,23:23:08
384553,6637,26,2019-01-24,23:23:39
10832,9422,68,2019-01-24,23:23:40
911150,5572,47,2019-01-24,23:23:40
423012,6413,7,2019-01-24,23:23:41
802539,2892,4,2019-01-24,23:24:26
841131,9385,79,2019-01-24,23:24:27
302078,9095,29,2019-01-24,23:24:43
213436,469,70,2019-01-24,23:24:43
404017,7623,56,2019-01-24,23:26:08
965513,7465,66,2019-01-24,23:26:08
122484,9132,18,2019-01-24,23:26:30
574566,4586,49,2019-01-24,23:26:39
590302,3117,71,2019-01-24,23:26:40
41837,7720,42,2019-01-24,23:26:53
265598,5986,67,2019-01-24,23:28:25
861619,3088,14,2019-01-24,23:28:44
922734,8833,6,2019-01-24,23:29:41
319964,6068,11,2019-01-24,23:30:16
170639,5318,57,2019-01-24,23:34:10
867856,5712,87,2019-01-24,23:34:57
797644,1909,20,2019-01-24,23:34:58
348541,2071,92,2019-01-24,23:35:13
707845,643,34,2019-01-24,23:36:21
725444,4692,60,2019-01-24,23:36:34
216459,6600,24,2019-01-24,23:36:41
120621,4584,87,2019-01-24,23:37:56
413022,5500,62,2019-01-24,23:37:57
654506,3161,57,2019-01-24,23:38:26
226215,2089,24,2019-01-24,23:38:27
501233,1631,89,2019-01-24,23:38:32
492273,7021,65,2019-01-24,23:38:38
960747,8011,52,2019-01-24,23:38:47
189881,7626,27,2019-01-24,23:38:53
198794,2228,87,2019-01-24,23:39:00
448243,1954,61,2019-01-24,23:39:02
736389,8434,92,2019-01-24,23:40:09
132334,4065,94,2019-01-24,23:40:46
770133,3376,21,2019-01-24,23:40:54
2280,9116,45,2019-01-24,23:42:04
690531,4881,44,2019-01-24,23:42:11
500258,6378,97,2019-01-24,23:42:19
837321,2371,36,2019-01-24,23:42:19
512031,1767,77,2019-01-24,23:43:24
580714,2374,97,2019-01-24,23:43:36
921062,4794,90,2019-01-24,23:45:10
250193,8171,92,2019-01-24,23:45:16
436463,3075,45,2019-01-24,23:45:22
618756,8291,75,2019-01-24,23:49:25
569366,3305,25,2019-01-24,23:49:26
580054,1466,78,2019-01-24,23:49:32
466359,6198,81,2019-01-24,23:49:40
866364,7847,4,2019-01-24,23:49:40
882833,8199,13,2019-01-24,23:49:46
872207,1216,34,2019-01-24,23:49:47
268556,9418,20,2019-01-24,23:49:53
383387,2292,9,2019-01-24,23:50:09
600690,8304,97,2019-01-24,23:50:10
980392,1610,41,2019-01-24,23:50:16
999283,3425,19,2019-01-24,23:50:44
591643,8061,4,2019-01-24,23:51:56
265935,9224,22,2019-01-24,23:51:57
800613,9999,31,2019-01-24,23:52:26
287100,3012,54,2019-01-24,23:52:28
159273,6124,77,2019-01-24,23:52:44
187313,5737,94,2019-01-24,23:53:53
499803,5320,73,2019-01-25,23:16:26
872390,968,11,2019-01-25,23:17:49
443589,8956,67,2019-01-25,23:17:49
361146,2943,6,2019-01-25,23:17:58
722421,480,71,2019-01-25,23:17:58
266184,7071,27,2019-01-25,23:18:22
528394,4015,24,2019-01-25,23:18:22
570433,5394,75,2019-01-25,23:19:18
620536,8743,81,2019-01-25,23:24:22
54792,9438,70,2019-01-25,23:24:27
845686,6864,93,2019-01-25,23:24:34
879703,4038,81,2019-01-25,23:25:58
234643,1322,44,2019-01-25,23:26:08
776876,3004,48,2019-01-25,23:26:30
95222,8835,64,2019-01-25,23:27:24
805197,3049,46,2019-01-25,23:28:25
747746,6664,16,2019-01-25,23:28:33
968373,6192,69,2019-01-25,23:28:43
101202,6617,15,2019-01-25,23:28:43
4405,8593,25,2019-01-25,23:29:41
549433,3777,58,2019-01-25,23:30:02
835846,9850,20,2019-01-25,23:34:11
175357,2269,60,2019-01-25,23:34:57
44326,5795,43,2019-01-25,23:35:04
961873,2409,88,2019-01-25,23:35:05
458876,6584,52,2019-01-25,23:35:12
629640,9634,47,2019-01-25,23:35:13
752434,1236,56,2019-01-25,23:36:23
346154,7183,80,2019-01-25,23:36:41
728011,2964,61,2019-01-25,23:38:19
449268,6975,48,2019-01-25,23:38:21
643780,1177,98,2019-01-25,23:38:27
368831,3327,13,2019-01-25,23:38:38
481413,3812,66,2019-01-25,23:38:54
471434,7271,94,2019-01-25,23:40:38
720026,8533,10,2019-01-25,23:40:53
331827,5243,89,2019-01-25,23:40:53
607204,432,13,2019-01-25,23:40:53
138012,3591,97,2019-01-25,23:40:54
407176,541,22,2019-01-25,23:41:01
229748,7744,37,2019-01-25,23:41:56
838218,854,48,2019-01-25,23:41:56
729902,9501,5,2019-01-25,23:42:03
231512,9574,55,2019-01-25,23:42:11
887098,7968,4,2019-01-25,23:42:27
64871,7960,62,2019-01-25,23:43:22
662327,676,57,2019-01-25,23:43:24
9176,7085,18,2019-01-25,23:43:39
565132,9022,8,2019-01-25,23:44:19
277911,5003,2,2019-01-25,23:45:16
492754,7565,66,2019-01-25,23:45:16
383238,2027,20,2019-01-25,23:49:23
282560,2266,26,2019-01-25,23:49:31
715824,2506,45,2019-01-25,23:49:39
670180,805,65,2019-01-25,23:49:46
701449,5319,54,2019-01-25,23:49:52
516648,5768,96,2019-01-25,23:49:54
659417,6420,53,2019-01-25,23:50:01
340192,2921,1,2019-01-25,23:50:15
52435,4504,51,2019-01-25,23:50:16
824503,318,32,2019-01-25,23:50:17
53804,9526,46,2019-01-25,23:52:10
968755,5332,19,2019-01-25,23:52:35
953449,1396,74,2019-01-25,23:52:47
141427,2657,95,2019-01-25,23:52:54
767904,300,24,2019-01-26,23:17:49
617239,8074,46,2019-01-26,23:17:58
355485,7660,3,2019-01-26,23:19:19
220768,6828,18,2019-01-26,23:19:52
134701,1101,50,2019-01-26,23:23:34
536854,639,13,2019-01-26,23:24:11
19496,8878,84,2019-01-26,23:24:11
616639,9176,82,2019-01-26,23:24:12
581627,5487,4,2019-01-26,23:24:18
153524,2470,63,2019-01-26,23:24:18
686598,5280,67,2019-01-26,23:24:21
235513,4737,15,2019-01-26,23:24:22
836869,6597,81,2019-01-26,23:24:26
743500,1169,2,2019-01-26,23:24:44
651447,9355,77,2019-01-26,23:25:32
339654,2738,63,2019-01-26,23:25:59
841008,1491,57,2019-01-26,23:26:13
591577,7091,78,2019-01-26,23:26:17
921224,4842,6,2019-01-26,23:26:23
836631,6699,59,2019-01-26,23:26:30
567206,941,18,2019-01-26,23:27:26
379017,8886,76,2019-01-26,23:29:56
319300,9823,12,2019-01-26,23:30:02
488871,1527,4,2019-01-26,23:30:11
984046,5586,51,2019-01-26,23:30:11
750182,9,96,2019-01-26,23:30:15
613032,8481,94,2019-01-26,23:33:43
1660,2139,89,2019-01-26,23:34:11
978911,7526,26,2019-01-26,23:34:11
265784,9973,81,2019-01-26,23:34:58
101701,1497,97,2019-01-26,23:35:04
771997,5867,23,2019-01-26,23:35:14
49284,1231,96,2019-01-26,23:36:21
93169,806,74,2019-01-26,23:36:22
199858,2033,23,2019-01-26,23:36:28
35023,4074,17,2019-01-26,23:36:31
935095,1291,96,2019-01-26,23:38:21
789363,2048,91,2019-01-26,23:38:26
99625,5358,26,2019-01-26,23:38:27
806230,2421,17,2019-01-26,23:38:28
869295,161,4,2019-01-26,23:38:33
27101,9873,17,2019-01-26,23:38:39
735630,1292,25,2019-01-26,23:38:47
42296,1906,36,2019-01-26,23:38:48
128513,2554,20,2019-01-26,23:38:48
447159,6229,40,2019-01-26,23:38:49
759895,2851,27,2019-01-26,23:39:01
203746,8222,39,2019-01-26,23:39:10
698192,3332,16,2019-01-26,23:39:56
805496,1350,78,2019-01-26,23:40:08
991066,1672,55,2019-01-26,23:40:46
755494,3232,46,2019-01-26,23:40:53
901670,1386,33,2019-01-26,23:41:00
363491,6723,66,2019-01-26,23:41:00
908577,4968,47,2019-01-26,23:41:00
436896,5695,22,2019-01-26,23:41:01
206523,3296,18,2019-01-26,23:41:56
120732,4968,35,2019-01-26,23:41:57
671018,8064,3,2019-01-26,23:42:03
5725,8670,50,2019-01-26,23:42:05
330868,8064,71,2019-01-26,23:42:20
566811,1580,49,2019-01-26,23:43:24
362216,1031,86,2019-01-26,23:43:44
666874,5559,43,2019-01-26,23:43:50
355910,7309,70,2019-01-26,23:44:11
300510,5189,64,2019-01-26,23:44:20
77208,6412,35,2019-01-26,23:45:10
841615,5355,91,2019-01-26,23:45:10
718739,3862,87,2019-01-26,23:45:17
947584,8109,65,2019-01-26,23:45:21
932092,910,84,2019-01-26,23:49:24
783093,7974,14,2019-01-26,23:49:26
700742,5871,74,2019-01-26,23:49:38
598177,2648,77,2019-01-26,23:49:39
359096,5806,48,2019-01-26,23:49:39
379389,480,55,2019-01-26,23:49:46
215232,133,3,2019-01-26,23:49:52
151463,8967,26,2019-01-26,23:49:54
954937,7976,33,2019-01-26,23:50:00
700519,777,59,2019-01-26,23:50:11
161893,1207,66,2019-01-26,23:51:40
273282,5009,59,2019-01-26,23:51:41
720478,3120,75,2019-01-26,23:51:42
187333,2077,50,2019-01-26,23:51:42
708941,9064,8,2019-01-26,23:51:42
237508,6055,87,2019-01-26,23:51:56
613570,4202,85,2019-01-26,23:51:56
556121,6855,68,2019-01-26,23:52:09
249486,7324,63,2019-01-26,23:52:10
658310,9050,25,2019-01-26,23:52:19
333788,2555,12,2019-01-26,23:52:26
962929,5665,21,2019-01-26,23:52:34
339702,6243,49,2019-01-26,23:52:35
479236,136,51,2019-01-26,23:52:45
281910,516,80,2019-01-26,23:52:55
64796,4885,10,2019-01-27,23:17:49
479035,2951,96,2019-01-27,23:17:49
453505,2686,47,2019-01-27,23:17:54
678790,4167,14,2019-01-27,23:17:54
975999,5456,25,2019-01-27,23:19:40
959326,298,84,2019-01-27,23:22:47
859610,3530,35,2019-01-27,23:22:49
220971,4724,71,2019-01-27,23:23:08
27435,2683,27,2019-01-27,23:23:33
924593,6246,60,2019-01-27,23:24:26
914529,1300,10,2019-01-27,23:24:27
634452,9963,48,2019-01-27,23:25:13
210881,9439,63,2019-01-27,23:26:08
454098,4342,54,2019-01-27,23:26:17
238866,8048,49,2019-01-27,23:26:24
109407,9067,32,2019-01-27,23:26:30
594439,7327,53,2019-01-27,23:26:40
273510,2483,6,2019-01-27,23:26:44
291230,4939,87,2019-01-27,23:26:49
752400,5409,2,2019-01-27,23:27:25
285853,6074,22,2019-01-27,23:27:25
369703,7549,84,2019-01-27,23:27:25
710853,1144,52,2019-01-27,23:29:46
4312,5172,2,2019-01-27,23:29:46
491877,2376,80,2019-01-27,23:29:51
15109,8170,22,2019-01-27,23:30:11
110001,7296,33,2019-01-27,23:34:10
584084,2734,91,2019-01-27,23:34:58
673214,8405,28,2019-01-27,23:36:21
356155,7086,34,2019-01-27,23:36:21
689798,18,51,2019-01-27,23:36:22
207198,1138,11,2019-01-27,23:36:33
115476,4681,5,2019-01-27,23:36:40
707614,9533,88,2019-01-27,23:38:40
361511,5872,4,2019-01-27,23:38:47
635967,4298,52,2019-01-27,23:38:47
126028,5176,42,2019-01-27,23:38:54
981138,1454,59,2019-01-27,23:39:56
67763,5146,52,2019-01-27,23:40:09
166509,1823,86,2019-01-27,23:40:10
317616,2733,61,2019-01-27,23:41:57
184004,6828,45,2019-01-27,23:42:04
729940,2073,60,2019-01-27,23:42:04
509171,4463,9,2019-01-27,23:42:19
970554,7934,32,2019-01-27,23:42:20
115593,8532,69,2019-01-27,23:43:37
833170,4720,75,2019-01-27,23:43:45
702249,994,77,2019-01-27,23:44:11
750851,5402,44,2019-01-27,23:44:12
168205,6548,57,2019-01-27,23:44:19
770373,2465,74,2019-01-27,23:44:20
908754,7970,23,2019-01-27,23:45:02
632300,9126,36,2019-01-27,23:45:09
738190,8226,47,2019-01-27,23:45:17
142778,3247,14,2019-01-27,23:45:21
612778,6591,65,2019-01-27,23:45:24
12621,9528,49,2019-01-27,23:49:24
298039,9587,44,2019-01-27,23:49:31
906333,1762,71,2019-01-27,23:49:40
653589,8442,79,2019-01-27,23:49:52
593313,4777,40,2019-01-27,23:49:53
191282,8078,59,2019-01-27,23:50:00
398291,5884,10,2019-01-27,23:50:10
801092,9871,21,2019-01-27,23:50:15
165849,4107,24,2019-01-27,23:50:16
949513,5079,69,2019-01-27,23:51:20
321929,1919,8,2019-01-27,23:51:57
26533,1809,67,2019-01-27,23:52:09
263191,8450,51,2019-01-27,23:52:21
893867,3860,47,2019-01-27,23:52:26
242254,3020,96,2019-01-27,23:52:44
923743,2558,73,2019-01-27,23:52:55
732205,1436,3,2019-01-28,23:15:41
590163,8895,66,2019-01-28,23:16:22
575208,7692,85,2019-01-28,23:16:26
223943,2124,12,2019-01-28,23:16:35
981063,7778,36,2019-01-28,23:17:49
578897,1503,24,2019-01-28,23:17:49
551200,9588,81,2019-01-28,23:17:50
46744,2700,28,2019-01-28,23:17:58
287378,3809,87,2019-01-28,23:19:23
147856,2549,78,2019-01-28,23:19:47
407501,9528,94,2019-01-28,23:23:07
452361,4639,67,2019-01-28,23:23:07
657526,5249,86,2019-01-28,23:23:40
93345,879,72,2019-01-28,23:24:23
313540,6616,22,2019-01-28,23:24:33
967309,3893,52,2019-01-28,23:24:33
112291,3842,69,2019-01-28,23:24:33
238768,3990,59,2019-01-28,23:24:44
200476,5317,91,2019-01-28,23:25:13
809867,7249,67,2019-01-28,23:25:58
52599,755,97,2019-01-28,23:26:17
940866,2202,88,2019-01-28,23:26:17
106772,5623,82,2019-01-28,23:27:25
996807,4158,2,2019-01-28,23:28:43
358922,33,50,2019-01-28,23:29:40
941304,3712,64,2019-01-28,23:30:02
298026,1981,74,2019-01-28,23:30:02
123404,7515,47,2019-01-28,23:30:11
419045,7314,7,2019-01-28,23:30:16
119153,6353,85,2019-01-28,23:33:42
583795,8172,13,2019-01-28,23:34:05
875954,6015,23,2019-01-28,23:34:57
581932,7131,21,2019-01-28,23:35:12
917027,7742,57,2019-01-28,23:36:20
718544,5858,70,2019-01-28,23:38:20
873727,3342,31,2019-01-28,23:38:32
895901,49,53,2019-01-28,23:38:47
850710,7496,72,2019-01-28,23:39:00
982345,20,18,2019-01-28,23:39:02
38726,5031,12,2019-01-28,23:40:08
717061,1337,33,2019-01-28,23:40:37
30992,4327,96,2019-01-28,23:40:53
686318,702,91,2019-01-28,23:40:54
334733,1235,75,2019-01-28,23:42:05
775154,6821,95,2019-01-28,23:43:02
197094,1978,95,2019-01-28,23:43:02
209059,5778,33,2019-01-28,23:43:02
524608,373,83,2019-01-28,23:43:03
230871,656,40,2019-01-28,23:43:22
980495,8898,10,2019-01-28,23:44:10
315377,6796,76,2019-01-28,23:44:19
780024,6295,86,2019-01-28,23:45:01
79961,8853,82,2019-01-28,23:45:02
582637,6102,33,2019-01-28,23:45:08
549378,3578,28,2019-01-28,23:45:16
851711,8714,51,2019-01-28,23:45:16
783010,2275,55,2019-01-28,23:45:22
311786,4741,26,2019-01-28,23:49:24
73967,8000,88,2019-01-28,23:49:38
663211,7162,36,2019-01-28,23:49:39
128685,6031,11,2019-01-28,23:49:53
674712,2661,4,2019-01-28,23:49:54
689609,853,47,2019-01-28,23:50:01
367381,5488,90,2019-01-28,23:50:17
646185,7870,23,2019-01-28,23:50:44
180166,6249,38,2019-01-28,23:50:44
607446,8209,35,2019-01-28,23:52:20
574670,7048,21,2019-01-28,23:52:21
272352,5135,14,2019-01-28,23:52:34
495933,6486,45,2019-01-28,23:52:45
744971,9827,20,2019-01-28,23:52:54
477154,6383,41,2019-01-28,23:52:54
190873,8846,16,2019-01-29,23:16:21
204891,6778,78,2019-01-29,23:17:58
946772,7657,84,2019-01-29,23:19:18
86960,2902,94,2019-01-29,23:19:23
523198,7308,72,2019-01-29,23:19:23
244717,8895,60,2019-01-29,23:19:25
510872,2034,7,2019-01-29,23:19:40
478568,1769,46,2019-01-29,23:19:47
482788,6684,96,2019-01-29,23:22:48
490628,3053,54,2019-01-29,23:22:48
938131,9354,29,2019-01-29,23:23:07
410553,3046,66,2019-01-29,23:23:08
786273,7600,33,2019-01-29,23:23:09
929907,613,83,2019-01-29,23:24:27
678762,961,36,2019-01-29,23:24:33
476912,5724,38,2019-01-29,23:25:59
396207,679,84,2019-01-29,23:26:00
969847,6145,22,2019-01-29,23:26:03
580375,364,24,2019-01-29,23:26:17
615169,305,49,2019-01-29,23:26:24
223330,8460,9,2019-01-29,23:26:30
788349,5774,62,2019-01-29,23:27:26
272278,1851,96,2019-01-29,23:28:34
678267,6953,11,2019-01-29,23:28:38
90702,5212,73,2019-01-29,23:28:39
907867,3697,35,2019-01-29,23:28:42
720360,9826,69,2019-01-29,23:28:42
678904,637,14,2019-01-29,23:28:44
599032,5793,36,2019-01-29,23:29:42
684312,368,80,2019-01-29,23:30:02
435903,8466,43,2019-01-29,23:33:44
696181,8737,91,2019-01-29,23:34:57
602169,6314,52,2019-01-29,23:34:57
207884,6645,44,2019-01-29,23:36:23
847696,2059,22,2019-01-29,23:38:25
640546,8682,55,2019-01-29,23:38:33
552392,8802,56,2019-01-29,23:38:41
357824,8122,84,2019-01-29,23:38:48
76981,3306,55,2019-01-29,23:38:54
118498,6549,92,2019-01-29,23:40:08
592205,4372,66,2019-01-29,23:40:37
624091,7547,44,2019-01-29,23:40:55
539381,1205,79,2019-01-29,23:42:03
480225,791,53,2019-01-29,23:43:38
431099,2344,4,2019-01-29,23:43:38
565028,228,56,2019-01-29,23:43:39
431410,982,79,2019-01-29,23:44:09
529259,6537,19,2019-01-29,23:44:19
880535,4367,7,2019-01-29,23:44:19
485100,1263,93,2019-01-29,23:45:00
183462,1837,36,2019-01-29,23:45:16
286607,7836,25,2019-01-29,23:49:24
325220,4267,77,2019-01-29,23:49:25
295159,1738,37,2019-01-29,23:49:32
509808,7217,40,2019-01-29,23:49:38
813965,6825,1,2019-01-29,23:49:47
773590,8544,37,2019-01-29,23:49:52
478035,3966,59,2019-01-29,23:50:00
884798,6728,69,2019-01-29,23:50:01
976329,9637,98,2019-01-29,23:50:16
301099,435,67,2019-01-29,23:50:17
801820,2022,68,2019-01-29,23:50:44
971240,5134,18,2019-01-29,23:51:40
614277,770,91,2019-01-29,23:51:57
356693,7148,55,2019-01-29,23:52:09
431686,5984,54,2019-01-29,23:52:09
726531,8922,35,2019-01-29,23:52:10
429866,5869,55,2019-01-29,23:52:18
40203,304,12,2019-01-29,23:52:19
197652,6272,22,2019-01-29,23:52:19
163919,1365,92,2019-01-29,23:52:19
277713,8230,71,2019-01-29,23:52:19
835673,6799,69,2019-01-29,23:52:20
635652,5125,42,2019-01-29,23:52:28
944964,1743,15,2019-01-30,23:15:36
788576,7237,74,2019-01-30,23:15:37
558652,3042,75,2019-01-30,23:16:34
569971,391,3,2019-01-30,23:17:54
4215,6715,85,2019-01-30,23:18:18
257301,9457,26,2019-01-30,23:18:19
398893,8416,36,2019-01-30,23:18:22
821730,1981,12,2019-01-30,23:18:22
934967,4898,2,2019-01-30,23:18:32
3799,742,32,2019-01-30,23:19:17
329688,8142,96,2019-01-30,23:19:23
851477,9753,90,2019-01-30,23:19:46
706274,8126,46,2019-01-30,23:24:22
238966,9810,79,2019-01-30,23:24:34
919358,7979,59,2019-01-30,23:24:43
228535,6506,92,2019-01-30,23:25:13
329117,2879,34,2019-01-30,23:25:13
684466,8237,88,2019-01-30,23:25:58
178842,3660,16,2019-01-30,23:26:23
714505,5339,68,2019-01-30,23:26:23
485867,929,58,2019-01-30,23:26:29
950976,1741,92,2019-01-30,23:28:25
980083,9045,56,2019-01-30,23:28:33
66473,8030,91,2019-01-30,23:28:33
488196,4457,65,2019-01-30,23:28:39
488877,7706,4,2019-01-30,23:28:43
154653,4472,20,2019-01-30,23:29:51
752710,2422,31,2019-01-30,23:29:52
458321,6710,53,2019-01-30,23:29:56
149817,8387,75,2019-01-30,23:29:56
751275,888,79,2019-01-30,23:30:01
554264,8526,4,2019-01-30,23:30:02
794911,517,32,2019-01-30,23:30:24
445026,4281,33,2019-01-30,23:33:43
860026,5172,14,2019-01-30,23:35:05
227030,2018,33,2019-01-30,23:35:14
813698,9028,95,2019-01-30,23:36:26
922890,6151,75,2019-01-30,23:36:26
422376,4624,57,2019-01-30,23:36:27
46900,9269,73,2019-01-30,23:36:34
585669,9408,26,2019-01-30,23:36:41
419491,5694,89,2019-01-30,23:38:20
14477,2684,60,2019-01-30,23:38:26
640424,4364,68,2019-01-30,23:38:38
541831,2241,68,2019-01-30,23:39:00
364550,4521,35,2019-01-30,23:39:56
561665,5942,51,2019-01-30,23:39:57
373433,7818,55,2019-01-30,23:40:38
188137,5475,35,2019-01-30,23:40:46
440761,8910,2,2019-01-30,23:40:53
211263,967,13,2019-01-30,23:40:54
906560,3833,36,2019-01-30,23:42:03
953288,2382,85,2019-01-30,23:42:12
421839,8334,79,2019-01-30,23:42:19
517678,2577,10,2019-01-30,23:42:20
907939,6029,77,2019-01-30,23:43:38
10867,9517,56,2019-01-30,23:43:38
81103,7571,36,2019-01-30,23:44:11
473772,9100,19,2019-01-30,23:44:19
848700,1582,38,2019-01-30,23:44:20
693231,6432,66,2019-01-30,23:45:01
158907,8053,72,2019-01-30,23:45:09
437802,7888,26,2019-01-30,23:45:10
29643,6404,39,2019-01-30,23:45:15
769247,2374,1,2019-01-30,23:45:16
518754,7288,31,2019-01-30,23:45:21
843197,7892,78,2019-01-30,23:49:24
721674,6085,88,2019-01-30,23:49:31
420409,7479,20,2019-01-30,23:49:32
24719,6819,80,2019-01-30,23:49:38
442729,5940,41,2019-01-30,23:49:40
80144,6512,5,2019-01-30,23:49:54
611903,8286,64,2019-01-30,23:49:59
139003,2369,55,2019-01-30,23:49:59
655375,7942,35,2019-01-30,23:50:45
484985,2038,51,2019-01-30,23:51:43
104872,2581,77,2019-01-30,23:52:26
456887,9390,8,2019-01-30,23:52:27
581564,1452,47,2019-01-30,23:52:28
419189,996,51,2019-01-30,23:52:34
287120,3666,19,2019-01-30,23:52:45
17844,596,82,2019-01-31,23:15:36
123392,1635,57,2019-01-31,23:16:35
940322,2160,60,2019-01-31,23:17:53
953853,3009,83,2019-01-31,23:17:58
996628,5012,83,2019-01-31,23:19:40
136077,65,90,2019-01-31,23:19:47
135504,9397,5,2019-01-31,23:19:47
974694,903,40,2019-01-31,23:19:52
934135,7482,57,2019-01-31,23:23:35
233480,5822,87,2019-01-31,23:24:12
802398,7823,34,2019-01-31,23:24:13
379918,8357,18,2019-01-31,23:24:17
34446,6098,39,2019-01-31,23:24:28
773026,6215,21,2019-01-31,23:25:31
456699,2528,51,2019-01-31,23:25:32
297821,4607,19,2019-01-31,23:26:17
817455,125,8,2019-01-31,23:26:30
107555,2988,20,2019-01-31,23:26:31
290940,7183,10,2019-01-31,23:26:39
842031,1795,38,2019-01-31,23:28:38
522342,3509,28,2019-01-31,23:28:38
19541,138,46,2019-01-31,23:29:41
848576,8978,27,2019-01-31,23:29:47
499352,9827,16,2019-01-31,23:29:47
488022,6557,34,2019-01-31,23:29:51
471813,4986,51,2019-01-31,23:30:10
857167,7700,69,2019-01-31,23:30:15
451659,621,46,2019-01-31,23:33:42
392140,6252,11,2019-01-31,23:34:04
972090,7121,64,2019-01-31,23:34:11
798134,9263,49,2019-01-31,23:35:05
429529,9799,45,2019-01-31,23:35:05
533216,8748,20,2019-01-31,23:35:13
559455,3385,77,2019-01-31,23:36:21
845555,5853,36,2019-01-31,23:36:25
481853,2668,58,2019-01-31,23:36:33
697979,8896,29,2019-01-31,23:36:40
27277,9548,95,2019-01-31,23:36:41
821965,5443,35,2019-01-31,23:37:56
135041,8686,68,2019-01-31,23:37:56
710239,7462,15,2019-01-31,23:37:59
206282,6463,52,2019-01-31,23:38:34
821792,8756,39,2019-01-31,23:38:47
926849,6528,17,2019-01-31,23:38:49
580325,3553,62,2019-01-31,23:39:10
383193,9499,16,2019-01-31,23:40:08
187863,3049,16,2019-01-31,23:40:09
138332,983,88,2019-01-31,23:40:09
888512,2043,89,2019-01-31,23:40:47
320526,7677,52,2019-01-31,23:40:53
53688,6411,18,2019-01-31,23:40:53
252061,3106,93,2019-01-31,23:40:59
701699,9578,46,2019-01-31,23:41:55
279618,5967,24,2019-01-31,23:41:56
48573,1201,72,2019-01-31,23:41:56
575282,6085,48,2019-01-31,23:42:04
156939,3209,69,2019-01-31,23:42:05
325132,3292,57,2019-01-31,23:42:11
203127,3627,4,2019-01-31,23:42:26
394036,2227,33,2019-01-31,23:43:02
719306,314,18,2019-01-31,23:43:02
602154,5022,54,2019-01-31,23:43:03
196461,5432,13,2019-01-31,23:43:46
816101,6532,31,2019-01-31,23:44:18
72262,6303,88,2019-01-31,23:49:25
278037,9073,79,2019-01-31,23:49:31
105335,6520,10,2019-01-31,23:49:45
439906,1815,64,2019-01-31,23:49:59
714469,3934,1,2019-01-31,23:50:00
986156,3203,55,2019-01-31,23:50:01
792791,9171,32,2019-01-31,23:50:09
853568,264,90,2019-01-31,23:50:10
795300,8072,22,2019-01-31,23:50:44
659126,7475,83,2019-01-31,23:52:20
251829,5923,84,2019-01-31,23:52:34
729106,1883,97,2019-01-31,23:52:35
139538,1310,80,2019-01-31,23:52:44
282516,9236,53,2019-01-31,23:52:45
921498,5501,49,2019-01-31,23:52:53.